漢字	音読み	訓読み	画数	部首	異体字	れい	例	
一	イチ、イツ	ひと、ひと(つ)	1	一,いち	壱、弌			
二	ニ	ふた、ふた(つ)	2	二,に	弐			
三	サン	み、み(つ)、みっ(つ)	3	一,いち				
四	シ	よ、よん、よっ(つ)、よ(つ)	5	囗,くにがまえ				
五	ゴ	いつ、いつ(つ)	4	二,に				
六	ロク	む、む(つ)、むい、むっ(つ)	4	八,はち				
七	シチ	なな、なな(つ)、なの	2	一,いち				
八	ハチ	や、や(つ)、やっ(つ)、よう	2	八,はち				
九	キュウ、ク	ここの、ここの(つ)	2	乙,おつ				
十	ジュウ、ジッ	と、とお	2	十,じゅう				
百	ヒャク		6	白,しろ		100		
千	セン	ち	3	十,じゅう		1000		
右	う、ユウ	みぎ	5	口,くち				
雨	ウ	あめ、あま	8	雨,あめ				
円	エン	まる(い)	4	冂,けいがまえ,まきがまえ,どうがまえ,えんがまえ	圓			
王	オウ		4	王,おう		おうさま	王様	
音	オン、イン	おと、ね	9	音,おと				
下	カ、ゲ	した、お(りる)、お(ろす)、くだ(さる)、くだ(す)、くだ(る)、さ(がる)、さ(げる)、しも、もと	3	一,いち				
火	カ	ひ、ほ	4	火,ひ				
花	カ	はな	7	艸艹,くさ,くさかんむり				
貝	ハイ、バイ	かい	7	貝,かい,こがい	贝(中)	かいがら	貝殻	
学	ガク	まな(ぶ)	8	子,こ	學、斈			
気	キ、ケ	いき	6	气,きがまえ	气(中)、氣	きぶん	気分	
休	キュウ	やす(み)、やす(まる)、やす(む)、やす(める)	6	亻,にんべん				
玉	ギョク	たま	5	玉,たま				
金	キン、コン	かね、かな	8	金,かね				
空	クウ	そら、あ(く)、あ(ける)、から、あな	8	穴,あなかんむり				
月	ゲツ、ガツ	つき	4	月,つき				
犬	ケン	いぬ	4	犬,いぬ				
見	ケン	み(る)、み(える)、み(せる)	0	見,みる	见(中)			
口	コウ、ク	くち	3	口,くち				
校	コウ		10	木,きへん		がっこう、こうこう	学校、高校	
左	サ	ひだり	5	工,え,たくみ				
山	サン	やま	3	山,やま				
子	シ、ス	こ	3	子,こ		こども	子供	
糸	シ	いと	6	糸,いと	絲			
字	ジ	あざ	6	子,こ		かんじ	漢字	
耳	ジ	みみ	6	耳,みみ				
車	シャ	くるま	7	車,くるま	车(中)			
手	シュ、ズ	て、た	4	手,て		て、きって、てがみ、じょうず、へた	手、切手、手紙、上手、下手	
出	シュツ、スイ	で(る)、だ(す)	5	凵,うけばこ,かんにょう,かんがまえ				
女	ジョ、ニョ	おんな、め	3	女,おんな				
小	ショウ	ちい(さい)、お、こ	3	小,しょう,ちいさい				
上	ジョウ、ショウ	うえ、うわ、あ(がる)、あ(げる)、かみ、のぼ(る)	3	一,いち				
森	シン	もり	12	木,き				
人	ジン、ニン	ひと	2	人,ひと				
水	スイ	みず	4	水,みず				
正	セイ、ショウ	ただ(しい)、ただ(す)、まさ	5	止,とめる				
生	セイ、ショウ、ソウ	い(きる)、い(かす)、い(ける)、う(まれる)、う(む)、なま、は(える)、は(やす)	5	生,いきる				
青	セイ、ショウ	あお、あお(い)	8	青,あお	靑			
夕	セキ	ゆう	3	夕,た,ゆう,ゆうべ		ゆうべ、ゆうしょく	夕べ、夕食	
石	セキ、シャク	いし	5	石,いし				
赤	セキ	あか、あか(い)、あか(らめる)、あか(らむ)	7	赤,あか				
川	セン	かわ	3	巛,まがりかわ				
先	セン	さき、ま(ず)	6	儿,こんにょう,ひとあし				
早	ソウ、サ、サッ	はや(い)、はや(まる)、はや(める)	6	日,ひ,にち				
草	ソウ	くさ	9	艸艹,くさかんむり				
足	ソク	あし、た(す)、た(りる)、た(る)	7	足,あし				
村	ソン	むら	7	木,きへん				
大	ダイ、タイ、タ、ダ	おお、おお(きい)、おお(いに)	3	大,だい				
男	ダン、ナン	おとこ	7	田,た				
竹	チク	たけ	6	竹,たけ				
中	チュウ、ジュウ	なか	4	丨,ぼう,たてぼう				
虫	チュウ	むし	6	虫,むし	蟲			
町	チョウ	まち	7	田,たへん				
天	テン、デン	あま、あめ	4	大,だい		てんばつ	天罰	
田	デン	た	5	田,た		たんぼ	田圃	
土	ド、ト	つち	3	土,つち				
日	ニチ、ジツ	か、ひ	4	日,ひ		～本　(ジャパン)		
入	ニュウ	はい(る)、い(る)、い(れる)	2	入,にゅう				
年	ネン	とし	6	干,いちじゅう,かん				
白	ハク	しろ、しろ(い)、しら	5	白,しろ				
文	ぶん、モン	ふみ	4	文,ぶん				
木	モク、ボク	き、こ	4	木,き				
本	ホン	もと	5	木,き		ほん、にほん	本、日本	
名	メイ、ミョウ	な	6	口,くち		なまえ	名前	
目	モク、ボク	め、ま	5	目,め		め	目	
立	リツ、リットル	た(つ)、た(てる)	5	立,たつ				
力	リョク、リキ	ちから	2	力,ちから				
林	リン	はやし	8	木,きへん				
引	イン	ひく、ひける	4	弓,ゆみへん		ひきだし、いんたい、ごういん	引き出し、引退、強引	
羽	ウ	はね、は	6	羽,はね	羽			
雲	ウン	くも	12	雨,あめかんむり				
園	エン	その	13	囗,くにがまえ	薗			
遠	エン	とお(い)	13	辵辶⻌,しんにょう,しんにゅう				
何	カ	なに、なん	7	人,ひとへん				
科	カ		9	禾,のぎへん		かもく、かがく、りか、げか	科目、科学、理科、外科	
夏	カ	なつ	10	夂,夊,ふゆがしら,すいにょう,なつあし				
家	カ、ケ	いえ、や	10	宀,うかんむり				
歌	カ	うた、うた(う)	14	欠,あくび,かける	哥、謌			
画	ガ、カク		8	田,た	畫	えいが、かくすう	映画、画数	
回	カイ	まわ(す)、まわ(る)	6	囗,くにがまえ	迴			
会	カイ、エ	あ(う)	6	人,ひとやね	會	かいしゃ、しゃかい	会社、社会	
海	カイ	うみ	9	氵,さんずい	海			
絵	カイ、エ		12	糹,いとへん	繪	え、かいが、えほん	絵、絵画、絵本	
外	ガイ、ゲ	そと、はず(す)、はず(れる)、ほか	5	夕,ゆう				
角	カク	かど、つの	7	角,かく				
楽	ガク、ラク	たの(しい)、たの(しむ)	16	木,き	乐(中)、樂			
活	カツ	い(かす)	9	氵,さんずい		せいかつ、かつどう	生活、活動	
間	カン、ケン	あいだ、ま	12	門,もんがまえ				
丸	ガン	まる(い)、まる(める)	3	丶,てん				
岩	ガン	いわ	8	山,やまかんむり				
顔	ガン	かお	18	頁,おおがい	顏			
汽	キ		7	氵,さんずい		きしゃ、きせん	汽車、汽船	
記	キ	しる(す)	10	訁,ごんべん		きしゃ、にっき	記者、日記	
帰	キ	かえ(る)、かえ(す)	10	巾,はば	歸			
弓	キュウ	ゆみ	3	弓,ゆみ				
牛	ギュウ	うし	4	牛,うし				
魚	ギョ	さかな、うお	11	魚,さかな	鱼(中)			
京	キョウ	みやこ	8	亠,なべぶた		とうきょう、きょうと	東京、京都	
強	キョウ、ゴウ	つよ(い)、つよ(まる)、つよ(める)、し(いる)	11	弓,ゆみへん				
教	キョウ	おし(える)、おそ(わる)	11	攴攵,のぶん	敎			
近	キン、コン	ちか(い)	7	辵辶⻌,しんにょう				
兄	キョウ、ケイ	あに	5	儿,ひとあし				
形	ケイ、ギョウ	かたち、かた	7	彡,さんづくり				
計	ケイ	はか(る)、はか(らう)	9	訁,ごんべん		とけい	時計	
元	ゲン、ガン	もと	4	儿,ひとあし				
言	ゲン、ゴン	い(う)、こと	7	言,ことば				
原	ゲン	はら	10	厂,がんだれ		はらしん、そうげん、げんいん	原信、草原、原因	
戸	コ	と	4	戶,と		にこだて	二戸建て	
古	コ	ふる(い)	5	口,くち				
午	ゴ		4	十,じゅう		しょうご！、ごご、ごぜん	正午、午後、午前	
後	ゴ、コウ	あと、うし(ろ)、のち	9	彳,ぎょうにんべん				
語	ゴ	かた(る)	14	訁,ごんべん		にほんご	日本語	
工	コウ、ク		3	工,たくみ		こうじょう、こうじ、だいく	工場、工事、大工	
公	コウ	おおやけ	4	八,はち				
広	コウ	ひろ(い)、ひろ(がる)、ひろ(げる)、ひろ(まる)、ひろ(める)	5	广,まだれ	廣			
交	コウ	ま(ざる)、ま(じる)、ま(ぜる)、まじ(える)、まじ(わる)、か(わす)、か(う)	6	亠,なべぶた		こうしょう、こうさい	交渉、交際	
光	コウ	ひかり、ひか(る)	6	儿,ひとあし				
考	コウ	かんが(える)	6	老耂,おいかんむり,おいがしら				
行	ギョウ、コウ	い(く)、おこな(う)、ゆ(く)	6	行,ぎょうがまえ				
高	コウ	たか(い)。たか(まる)、たか(める)	10	高,たかい	髙			
黄	オウ、コウ	き、こ	11	黃,き	黃	きいろ	黄色	
合	ゴウ、ガッ、カッ	あ(う)、あ(わす)、あ(わせる)	6	口,くち		あいかぎ　ごうコン	合鍵、合コン	
谷	コク	たに、や	7	谷,たに				
国	コク	くに	8	囗,くにがまえ	國、圀			
黒	コク	くろ、くろ(い)	11	黑,くろ	黑			
今	コン、キン	いま	4	人,ひとやね				
才	サイ		3	手,て		～さい、てんさい	～才、天才	
細	サイ	ほそ(い)、こま(かい)、ほろ(る)	11	糹,いとへん				
作	サク、サ	つく(る)	7	亻,にんべん	做			
算	サン		14	𥫗,たけかんむり		けいさん、さんすう	計算、算数	
止	シ	と(まる)、と(める)、や(む)、や(める)	4	止,とめる				
市	シ	いち	5	巾,はば		～し、にいがたし、しじょう	～市、新潟市、市場	
矢	シ	や	5	矢,や		や、やじるし、ゆみや	矢、矢印、弓矢	
姉	シ	あね	8	女,おんなへん				
思	シ	おも(う)	9	心,こころ				
紙	シ	かみ	10	糹,いとへん		かみ、てがみ	紙、手紙	
寺	ジ	てら	6	寸,すん				
自	ジ、シ	みずか(ら)	6	自,みずから		じぶん、しぜん	自分、自然	
時	ジ	とき	10	日,ひへん	时(中)			
室	シツ	むろ	9	宀,うかんむり		きょうしつ	教室	
社	シャ、ジャ	やしろ	7	礻,しめすへん	社			
弱	ジャク、ニャク	よわ(い)、よわ(まる)、よわ(める)	10	弓,ゆみ				
首	シュ	くび	9	首,くび				
秋	シュウ	あき	9	禾,のぎへん	穐、龝			
週	シュウ		11	辵辶⻌,しんにょう		しゅうかん、らいしゅう、せんしゅう	週刊、来週、先週	
春	シュン	はる	9	日,ひ		はるなつあきふゆ、せいしゅん	春夏秋冬、青春	
書	ショ	か(く)	10	曰,いわく,ひらび	书(中)	じしょ、しょてん、としょかん	辞書、書店、図書館	
少	ショウ	すく(ない)、すこ(し)	4	小,しょう				
場	ジョウ	ば	6	土,つちへん	场(中)	ばしょ、ひろば	場所、広場	
色	ショク、シキ	いろ	6	色,いろ				
食	ショク、ジキ	た(べる)、く(う)、く(らう)	9	食,しょく				
心	シン	こころ	4	心,こころ				
新	シン	あたら(しい)、あら(た)、にい	13	斤,おのづくり				
親	シン	おや、した(しい)、した(しむ)	16	見,みる				
図	ズ、ト	はか(る)	7	囗,くにがまえ	圖、图(中)	ちず、としょかん	地図、図書館	
数	スウ	かず、かぞ(える)	13	攴攵,のぶん	數			
西	サイ、セイ	にし	6	西,にし				
声	セイ	こえ	7	士,さむらい	聲			
星	セイ	ほし	9	日,ひ				
晴	セイ	は(れる)、は(らす)	12	日,ひへん	晴	(すばらしい)の「はらしい」	素晴らしい	
切	セツ、サイ	き(る)、き(れる)	4	刀,かたな				
雪	セツ	ゆき	11	雨,あめかんむり				
船	セン	ふね、ふな	11	舟,ふね				
線	セン		15	糹,いとへん		せん、せんろ	線、線路	
前	ゼン	まえ	9	刂,りっとう				
組	ソ	くみ、く(む)	11	糹,いとへん				
走	ソウ	はし(る)	7	走,はしる				
多	タ	おお(い)	6	夕,ゆうべ				
太	タ、タイ	ふと(い)、ふと(る)	4	大,だい				
体	タイ、テイ	からだ	7	亻,にんべん	體			
台	タイ、ダイ		5	口,くち	臺	たいふう、たいわん	台風、台湾	
地	ジ、チ		6	土,つちへん		じめん、ちず		
池	チ	いけ	6	氵,さんずい				
知	チ	し(る)、し(らせる)	8	矢,やへん				
茶	チャ、サ		9	艹,くさかんむり		おちゃ、さどう	お茶、茶道	
昼	チュウ	ひる	9	日,ひ	晝			
長	チョウ	なが(い)、おさ、た(ける)	8	長,ながい	长(中)			
鳥	チョウ	とり	11	鳥,とり	鸟(中)			
朝	チョウ	あさ	12	月,つき		あさごはん	朝ご飯	
直	ジキ、チョク	ただ(ちに)、なお(る)、なお(す)	8	目,め		ちょくせつ、しょうじき	直接、正直	
通	ツウ、ツ	かよ(う)、とお(る)、とお(す)	10	辵辶⻌,しんにょう				
弟	ダイ、デ、テイ	おとうと	7	弓,ゆみ				
店	テン	みせ	8	广,まだれ				
点	テン	つ(ける)	9	灬,れんが,れっか	點	てん、てんすう、まんてん	点、点数、満点	
電	デン		13	雨,あめかんむり	电(中)	でんわ	電話	
刀	トウ	かたな	2	刀,かたな				
冬	トウ	ふゆ	5	冫,にすい				
当	トウ	あ(てる)、あ(たる)	6	小,しょう	當	てきとう、とうじ	適当、当時	
東	トウ	ひがし	8	木,き	东(中)			
答	トウ	こた(え)、こた(える)	12	𥫗,たけかんむり				
頭	トウ、ズ	あたま、かしら	16	頁,おおがい	头(中)			
同	ドウ	おな(じ)	6	口,くち				
道	ドウ、トウ	みち	12	辵辶⻌,しんにょう				
読	トウ、トク、ドク	よ(む)	14	訁,ごんべん	读(中)、讀	ほんをよむ	本を読む	
内	ナイ、ダイ	うち	4	入,いる	內	いない、ないしん	以内、内心	
南	ナン、ナ	みなみ	9	十,じゅう				
肉	ニク		6	肉,にく		にくしょく	肉食	
馬	バ	うま、ま	10	馬,うま	马			
売	バイ	う(る)、う(れる)	7	士,さむらい	卖(中)、賣			
買	バイ	か(う)	12	貝,かい,こがい	买(中)			
麦	バク	むぎ	7	麥麦,むぎ	麥			
半	ハン	なか(ば)	5	十,じゅう		いちじかんはん	一時間半	
番	バン	つが(い)、つが(う)	12	田,た		いちばん、ばんごう	一番、番号	
父	フ	ちち	4	父,ちち				
風	フウ、フ	かぜ、かざ	9	風,かぜ	风(中)			
分	フン、ブン	わ(かる)、わ(ける)、わ(かれる)	4	刀,かたな				
聞	ブン、モン	き(く)、き(こえる)	14	耳,みみ				
米	ベイ、マイ	こめ	6	米,こめ				
歩	ホ、ブ、フ	ある(く)、あゆ(む)	8	止,とめる	步			
母	ボ	はは	5	毋母,なかれ,はは				
方	ホウ	かた	4	方,ほう		ほうこう、あのかた、どのかた	方向、あの方、どの方	
北	ホク	きた	5	匕,ひ,さじ,さじのひ				
毎	マイ		6	毋母,なかれ,はは	每	まいにち、まいとし	毎日、毎年	
妹	マイ	いもうと	8	女,おんなへん				
万	マン、バン	よろず	3	一,いち	萬	いちまんえん、ばんざい	一万円、万歳	
明	メイ、ミョウ	あ(かす)、あ(かり)、あか(るい)、あき(らか)	8	日,ひへん				
鳴	メイ	な(く)、な(る)、な(らす)	14	鳥,とり	鸣(中)	なきごえ	鳴き声	
毛	モウ	け	4	毛,け		け、もうふ	毛、毛布	
門	モン	かど	8	門门,もんがまえ,かどがまえ		せんもん、(もんだい)じゃない	専門	
夜	ヤ	よる、よ	8	夕,ゆうべ				
野	ヤ	の	11	里,さとへん		のらいぬ、ぶんや、やきゅう	野良犬、分野、野球	
友	ユウ	とも	4	又,また		ともだち、ゆうじん	友達、友人	
用	ヨウ	もち(いる)	5	用,みちいる				
曜	ヨウ		18	日,ひへん		ようび、どようび	曜日、土曜日	
来	ライ	く(る)、きた(す)、きた(る)	7	木,き	來			
里	リ	さと	7	里,さと				
理	リ		11	王,おう		りゆう、かんり、りかい	理由、管理、理解	
話	ワ	はなし、はな(す)	13	訁,ごんべん				
悪	アク、オ	わる(い)	11	心,こころ	惡			
安	アン	やす(い)	6	宀,うかんむり		あんぜん	安全	
暗	アン	くら(い)	13	日,ひへん				
医	イ		7	匸,かくしがまえ	醫	いしゃ、はいしゃ	医者、歯医者	
委	イ	ゆだ(ねる)	8	女,おんな		いいんかい	委員会	
意	イ		13	心,こころ		いみ	意味	
育	イク	そだ(つ)、そだ(てる)、はぐくむ	8	月,にくづき		きょういく	教育	
員	イン		10	口,くち		しゃいん、いいんかい	社員、委員会	
院	イン		10	阜阝,こざとへん		びょういん	病院	
飲	イン	の(む)	12	飠,しょくへん	饮(中)、飮	いんしょくてん	飲食店	
運	ウン	はこ(ぶ)	12	辵辶⻌,しんにょう		うんてん	運転	
泳	エイ	およ(ぐ)	8	氵,さんずい		すいえい	水泳	
駅	エキ		14	馬,うまへん	驛	えきはどこですか	駅はどこですか	
央	オウ		5	大,だい		ちゅうおう	中央	
横	オウ	よこ	15	木,きへん	橫			
屋	オク	や	9	尸,しかばね		やね、おくじょう	屋根、屋上	
温	オン	あたた(かい)、あたた(まる)、あたた(める)	12	氵,さんずい	溫	おんせん	温泉	
化	カ、ケ	ば(ける)、ば(かす)	4	匕,ひ,さじ		しんか	進化	
荷	カ	に	10	艹,くさかんむり		にもつ、しゅっか	荷物	
界	カイ		9	田,た		せかい、たかい	出荷	
開	カイ	あ(く)、あ(ける)、ひら(く)、ひら(ける)	12	門,もんがまえ	开(中)			
階	カイ		12	阜阝,こざとへん		かいだん、だんかい	階段、段階	
寒	カン	さむ(い)	12	宀,うかんむり				
感	カン		13	心,こころ		カン(じる)、カン(じ)、かんしゃ、かんそう	感じる、感じ、感謝、感想	
漢	カン		13	氵,さんずい	汉(中)、漢	かんじ、かんけん(笑)	漢字、漢検	
館	カン	やかた	16	飠,しょくへん	館	としょかん	図書館	
岸	ガン	きし	8	山,やまかんむり		きしべ、かいがん	岸辺、海岸	
起	キ	お(きる)、お(こす)、お(こる)	10	走,そうにょう				
期	キ、ゴ		12	月,つきへん		じき、きかん、きたい、きげん、さいご	時期、期間、期限、最期	
客	キャク、カク		9	宀,うかんむり		おきゃくさん	お客さん	
究	キュウ	きわ(める)	7	穴,あなかんむり		けんきゅう	研究	
急	キュウ	いそ(ぐ)、せ(く)	9	心,こころ		きゅうに	急に	
級	キュウ		9	糹,いとへん		しょきゅう、ちゅうきゅう、じょうきゅう	初級、中級、上級	
宮	キュウ、グウ、ク	みや	10	宀,うかんむり		きゅうでん、きゅうてい、しきゅう	宮殿、宮廷、子宮	
球	キュウ	たま	11	玉,たまへん		やきゅう、きゅうぎ	野球、球技	
去	キョ、コ	さ(る)	5	ム,む		きょねん	去年	
橋	キョウ	はし	16	木,きへん	桥(中)	はしをわたる	橋を渡る	
業	ぎょう、ゴウ	わざ	5	一,いち	业(中)	さぎょう、きぎょう、ぎょうかい	作業、企業、業界	
曲	キョク	ま(がる)、ま(げる)	6	曰,いわく		さっきょく、きょくせん	作曲、曲線	
局	キョク		7	尸,しかばね		じむきょく、けっきょく	事務局、結局	
銀	ギン	しろがね	14	釒,かねへん	银(中)	ぎんこう	銀行	
区	ク		4	匸,かくしがまえ	區	ちく、くべつ、にしく	地区、区別、西区	
苦	ク	くる(しい)、にが(い)、くる(しむ)、くる(しめる)	8	艹,くさかんむり				
具	グ		8	八,はち		どうぐ	道具	
君	クン	きみ	7	口,くち				
係	ケイ	かかり、かか(る)	9	亻,にんべん		～がかり、かんけい	～係、関係	
軽	ケイ	かる(い)、かろ(やか)	12	車,くるまへん	轻(中)、輕			
血	ケツ	ち	6	血,ち		けつえき	血液	
決	ケツ	き(まる)、き(める)	7	氵,さんずい		かいけつ	解決	
研	ケン	と(ぐ)	9	石,いしへん	硏	けんきゅう	研究	
県	ケン		9	目,め	縣	～けん、にいがたけん、とどうふけん	～県、新潟県、都道府県	
庫	コ、ク		10	广,まだれ	库(中)	しゃこ、そうこ	車庫、倉庫	
湖	コ	みずうみ	12	氵,さんずい		びわこ	琵琶湖	
向	コウ	む(かう)、む(こう)、む(ける)	6	口,くち				
幸	コウ	さいわ(い)、しあわ(せ)、さち	8	干,かん				
港	コウ	みなと	12	氵,さんずい		くうこう	空港	
号	ゴウ		5	口,くち	號	ばんごう	番号	
根	コン	ね	10	木,きへん		やね、こんきょ	屋根、根拠	
祭	サイ	まつ(り)、まつ(る)	11	示,しめす				
皿		さら	5	皿,さら		おさら、はいざら	お皿、灰皿	
仕	シ、ジ	つか(える)	5	亻,にんべん		しごと	仕事	
死	シ	し(ぬ)	6	歹,かばねへん				
使	シ	つか(う)	8	亻,にんべん		しよう、たいし	使用、大使	
始	シ	はじ(まる)、はじ(める)	8	女,おんなへん		かいし	開始	
指	シ	ゆび、さ(す)	9	扌,てへん		ゆびわ	指輪	
歯	シ	は	12	歯,は	齿(中)、齒	はいしゃ、しか、はぐるま	歯医者、歯科、歯車	
詩	シ	うた	13	訁,ごんべん		し！(ポエムのこと)、しじん、しく	詩、詩人、詩句	
次	ジ、シ	つぎ、つ(ぐ)	6	欠,かける		つぎ、じげん、～しだい	次、次元、～次第	
事	ジ、ズ	こと	8	亅,はねぼう		しごと、じぎょう、じけん、じこ	仕事、事業、事件、事後	
持	シ	も(つ)	9	扌,てへん		きもち、いじ、しじ	気持ち、維持、支持	
式	シキ		6	弋,しきがまえ		けっこんしき	結婚式	
実	ジツ	み、みの(る)	8	宀,うかんむり	实(中)、實	しんじつ	真実	
写	シャ	うつ(る)、うつ(す)	5	冖,わかんむり	㝍(中)、寫	しゃしん	写真	
者	シャ	もの	8	耂,おいかんむり	者	なにもの、かんじゃ、いしゃ	何者、患者、医者	
主	シュ、ス	おも、ぬし	5	丶,てん		おもに、おぬし、しゅぎ、しゅちょう	主に、お主、主義、主張	
守	シュ、ス	まも(る)、も(り)	6	宀,うかんむり		まもる、しゅご、こもり	守る、守護、子守り	
取	シュ	と(る)	8	又,また		しゅざい、とりひき、ききとり	取材、取引、聴き取り	
酒	シュ	さけ、さか	10	氵,さんずい		おさけ、にほんしゅ	お酒、日本酒	
受	ジュ	う(ける)、う(かす)	8	又,また		うけつけ、じゅしん	受付、受信	
州	シュウ	す	6	川,かわ		おうしゅう、きゅうしゅう、アメリカの	欧州、九州	
拾	シュウ、ジュウ	ひろ(う)	9	扌,てへん		いのちびろい、ひろいもの	命拾い、拾い物	
終	シュウ	お(わる)、お(える)	11	糹,いとへん		しゅうえん	終焉	
習	シュウ	なら(う)	11	羽,はね		れんしゅう	練習	
集	シュウ	あつ(める)、あつ(まる)、つど(う)	12	隹,ふるとり		へんしゅう、しゅうだん	編集、集団	
住	ジュウ	す(む)、す(まう)	7	亻,にんべん		じゅうにん、じゅうしょ	住人、住所	
重	ジュウ、チョウ	おも(い)、かさ(なる)、かさ(ねる)、え	9	里,さと		たいじゅう、じゅうよう、ふたえ	体重、重要、二重	
宿	シュク	やど、やど(る)、やど(す)	11	宀,うかんむり		しゅくだい、のじゅく	宿題、野宿	
所	ショ	ところ	8	戸,と		ばしょ	場所	
暑	ショ	あつ(い)	12	日,ひ	暑	もうしょ、あつさ	猛暑、暑さ	
助	ジョ	たす(ける)、たす(かる)、すけ	7	力,ちから		えんじょ、じょし、きゅうじょ、じょげん	援助、助詞、救助、助言	
昭	ショウ		9	日,ひへん		しょうわじだい	昭和時代	
消	ショウ	け(す)、き(える)	10	氵,さんずい		しょうぼうしゃ、けしゴム	消防車、消しゴム	
商	ショウ	あきな(う)	11	口,くち		しょうばい、しょうひん、しょうてん	商売、商品、商店	
章	ショウ		11	立,たつ		ぶんしょう、くんしょう	文章、勲章	
勝	ショウ	か(つ)、まさ(る)	12	力,ちから		しょうり、らくしょう	勝利、楽勝	
乗	ジョウ	の(る)、の(せる)	9	丿,の,はらいぼう	乘	じょうきゃく、じょうしゃ	乗客、乗車	
植	ショク	う(える)、う(わる)	12	木,きへん		しょくぶつ	植物	
申	シン	もう(す)	5	田,た		～ともうします、しんせい、もうしわけない	～と申します、申請、申し訳ない	
身	シン	み	7	身,み		みぶん、しんたい(からだ)、	身分、身体	
神	シン、ジン	かみ、かん、こう	9	礻,しめすへん	神	かみさま、かみかぜ	神様、神風	
真	シン	ま	10	目,め	眞	しんじつ、しゃしん、まなつ	真実、写真、真夏	
深	シン	ふか(い)、ふか(まる)、ふか(める)	11	氵,さんずい		しんかい	深海	
進	シン	すす(む)、すす(める)	11	辵辶⻌,しんにょう	进(中)	しんか	進化	
世	セ、セイ	よ	5	一,いち		せかい、よのなか	世界、世の中	
整	セイ	ととの(う)、ととの(える)	16	攵,のぶん		せいり、ちょうせい、せいりせいとん	整理、調整、整理整頓	
昔	シャク、セキ	むかし	8	日,ひ				
全	ぜん	すべ(て)、まった(く)	6	入,いりやね		ぜんぜん、ぜんいん	全然、全員	
相	ソウ、ショウ	あい	9	目,め		そうだん、あいて、あいしょう	相談、相手、相性	
送	ソウ	おく(る)	9	辵辶⻌,しんにょう		おくりもの、そうしん	送る	
想	ソウ、ソ	おも(い)	13	心,こころ		かんそう、よそう、そうぞう	感想、予想、想像	
息	ソク	いき	10	心,こころ		きゅうそく、ちっそく、いきぐるしい	休息、窒息、息苦しい	
速	ソク	はや(い)、はや(まる)、はや(める)、すみ(やか)	10	辵辶⻌,しんにょう		じそく、かそく、さっそく	時速、加速、早速	
族	ゾク		11	方,ほうへん,かたへん		かぞく	家族	
他	タ	ほか	5	亻,にんべん		そのた、たにん、ほかに	その他、他人、他に	
打	ダ	う(つ)	5	扌,てへん		だげき、だぼく、うちあわせ	打撃、打撲、打ち合わせ	
対	タイ、ツイ		7	寸,すん,すんづくり	对(中)、對	たいおう、たいさく、たいしょう、はんたい	対応、対策、対象、反対	
待	タイ	ま(つ)	9	彳,ぎょうにんべん		しょうたい、きたい、たいき、まちあわせ	招待、期待、待機、待ち合わせ	
代	タイ、ダイ	しろ、か(える)、か(わる)、よ	5	亻,にんべん		だいりにん、しろもの、だいひょう、じだい、げんだい	代理人、代物、代表、時代、現代	
第	ダイ		11	𥫗,たけかんむり		だいいち、だいいっか、だいにか	第一、第一課、第二課	
題	ダイ		18	頁,おおがい		もんだい、しゅくだい	問題、宿題	
炭	タン	すみ	9	火,ひ		たんさん、せきたん、たんそ	炭酸、石炭、炭素	
短	タン	みじか(い)	12	矢,やへん				
談	ダン		15	訁,ごんべん		そうだん、ざつだん	相談、雑談	
着	チャク、ジャク	き(る)、き(せる)、つ(く)、つ(ける)	12	羊,ひつじ		ふくをきる、とうちゃく	服を着る、到着	
注	チュウ	そそ(ぐ)	8	氵,さんずい		ちゅうい	注意	
柱	チュウ	はしら	9	木,きへん		でんちゅう	電柱	
丁	チョウ、テイ		2	一,いち		ちょうど、ていねい	丁度、丁寧	
帳	チョウ		11	巾,はば	帐(中)	てちょう	手帳	
調	チョウ	しら(べる)	15	訁,ごんべん		ちょうさ、ちょうせい、ちょうし	調査、調整、調子	
追	ツイ	お(う)	9	辵辶⻌,しんにょう		おいかける、ついしん	追いかける、追伸	
定	テイ、ジョウ	さだ(める)、さだ(まる)、さだ(か)	8	宀,うかんむり		けってい、よてい、ていぎ	決定、予定、定義	
庭	テイ	にわ	10	广,まだれ		ていえん、なかにわ	庭園、中庭	
笛	テキ	ふえ	11	𥫗,たけかんむり		くちぶえ、きてき、しのぶえ	口笛、汽笛、篠笛	
鉄	テツ		13	釒,かねへん	鐵	ちかてつ、てつどう	地下鉄、鉄道	
転	テン	ころ(ぶ)、ころ(がる)、ころ(げる)、ころ(がす)	11	車,くるまへん	转(中)、轉	じてんしゃ、てんしょく	自転車、転職	
都	ツ、ト	みやこ	11	阝,おおざと	都	つごう、とかい、とうきょうと	都合、都会、東京都	
度	ド、タク、ト	たび	9	广,まだれ		いちど、このたび、どきょう、したく	一度、この度、度胸、支度	
投	トウ	な(げる)	7	扌,てへん		とうひょう	投票	
豆	ズ、トウ	まめ	7	豆,まめ		なっとう	納豆	
島	トウ	しま	10	山,やま	嶋	レユニオンとう	レユニオン島	
湯	トウ	ゆ	12	氵,さんずい	汤(中)	おゆ	お湯	
登	ト、トウ	のぼ(る)	12	癶,はつがしら		とざん、とうじょう、とうこう	登山、登場、登校	
等	トウ	など、ひと(しい)	12	𥫗,たけかんむり		など、じょうとう	等、上等	
動	ドウ	うご(く)、うご(かす)	11	力,ちから	动(中)	どうぶつ、じどうしゃ	動物、自動車	
童	ドウ	わらべ	12	立,たつ		どうわ、じどう、どうよう	童話、自動、動揺	
農	ノウ		13	辰,たつ,しんのたつ		のうぎょう	農業	
波	ハ	なみ	8	氵,さんずい		つなみ、でんぱ	津波、電波	
配	ハイ	くば(る)	10	酉,とりへん		はいたつ	配達	
倍	バイ		10	亻,にんべん		ばい、にばい、さんばい、ばいりつ	倍、二倍、三倍、倍率	
箱		はこ	15	𥫗,たけかんむり		ごみばこ	ゴミ箱	
畑		はたけ、はた	9	田,た		はたけ、はなばたけ	畑、花畑	
発	ハツ、ホツ		9	癶,はつがしら	发(中)、發	しゅっぱつ、はつねつ、ほっさ	出発、発熱、発作	
反	ハン、タン、ホン	そ(らす)、そ(る)	4	又,また		はんたい、はんげき	反対、反撃	
坂	ハン	さか	7	土,つちへん		さかをのぼる、くだりざか、のぼりざか	坂を登る、下り坂、上り坂	
板	ハン、バン	いた	8	木,きへん		てっぱんやき、むないた、いたばり	鉄板焼き、胸板、板張り	
皮	ヒ	かわ	5	皮,かわ		ひふ	皮膚	
悲	ヒ	かな(しい)、かな(しむ)	12	心,こころ		ひめい	悲鳴	
美	ビ	うつく(しい)	9	羊,ひつじ		びじん	美人	
鼻	ビ	はな	14	鼻,はな		はなぢ、はなみず、じびか	鼻血、鼻水、耳鼻科	
筆	ヒツ	ふで	12	𥫗,たけかんむり		えんぴつ	鉛筆	
氷	ヒョウ	こおり	5	水,みず		ひょうが	氷河	
表	ヒョウ	あらわ(す)、あらわ(れる)、おもて	8	衣,ころも		だいひょう、ひょうじ	代表、表示	
秒	ビョウ		9	禾,のぎへん		いちびょう、さんびょうルール	一秒、三秒ルール	
病	ビョウ、ヘイ	やまい、や(む)	10	疒,やまいだれ		びょうき、げびょう	病気、げ病	
品	ヒン	しな	9	口,くち		げひん、じょうひん、しょうひん、てじな	下品、上品、商品、手品	
負	フ	ま(ける)、ま(かす)、お(う)	9	貝,かい		しょうぶ、せおう	勝負、背負う	
部	ブ		11	阝,おおざと		ぶぶん、ぶしゅ	部分、部首	
服	フク		8	月,つきへん		ふくをきる、せいふく	服を着る、制服	
福	フク		13	礻,しめすへん	福	ふくし、こうふく、しゅくふく、ふくしま	福祉、幸福、祝福、福島	
物	ブツ、モツ	もの	8	牜,うしへん		どうぶつ、にもつ	動物、荷物	
平	ヘイ、ビョウ	たい(ら)、ひら	5	干,かん,ほす		へいわ、ひらぢょうし	平和、平調子	
返	ヘン	かえ(す)、かえ(る)	7	辵辶⻌,しんにょう		へんきゃく、へんしん	返却、返信	
勉	ベン		10	力,ちから	勉	べんきょう	勉強	
放	ホウ	はな(つ)、はな(す)、ほう(る)	8	攵,のぶん		ほうそう、かいほう、ほうき	放送、解放、放棄	
味	ミ	あじ、あじ(わう)	8	口,くち		あじみ、したあじ	味見、下味	
命	メイ、ミョウ	いのち	8	口,くち		せいめい、じゅみょう、めいれい	生命、寿命、命令	
面	メン	おも、つら	9	面,めん		めん、めんどうくさい、おもしろい、じめん	面、面倒くさい、面白い、地面	
問	モン	と(い)、と(う)、とん	11	口,くち		もんだい、ぎもん	問題、疑問	
役	ヤク、エキ		7	彳,ぎょうにんべん		やくにたつ、ちょうえき	役に立つ、懲役	
薬	ヤク	くすり	16	艸艹,くさかんむり	藥			
由	ユ、ユウ、ユイ	よし	5	田,た		ゆらい、りゆう、ゆいしょ	由来、理由、由緒	
油	ユ	あぶら	8	氵,さんずい		せきゆ	石油	
有	ユウ、ウ	あ(る)	6	月,つき		ゆうめい、うむ	有名、有無	
遊	ユウ、ユ	あそ(ぶ)、あそ(び)	12	辵辶⻌,しんにょう		ゆうえんち	遊園地	
予	ヨ		4	亅,はねぼう	豫	よやく、よてい	予約、予定	
羊	ヨウ	ひつじ	6	羊,ひつじ		こひつじ	子羊	
洋	ヨウ		9	氵,さんずい		せいよう、せいようじん、ようふく、たいへいよう	西洋、西洋人、洋服、太平洋	
葉	ヨウ	は	12	艹,くさかんむり		はがき、はっぱ	葉書、葉っぱ	
陽	ヨウ	ひ	12	阜阝,こざとへん	阳(中)	たいよう	太陽	
様	ヨウ	さま	14	木,きへん	樣	どうよう、～さま	同様、～様	
落	ラク	お(ちる)、お(とす)	12	艹,くさかんむり		らくせき、いっけんらくちゃく	落石、一件落着	
流	リュウ、ル	なが(す)、なが(れる)	10	氵,さんずい		りゅうちょう、さすが、こうりゅう	流暢、流石、合流	
旅	リョ	たび	10	方,ほうへん,かたへん		りょこう	旅行	
両	リョウ		6	一,いち	兩	りょうほう、しゃりょう、ごりょうしん	両方、車両、ご両親	
緑	リョク、ロク	みどり	14	糹,いとへん	綠	りょくちゃ、きみどり	緑茶、黄緑	
礼	レイ、ライ		5	礻,しめすへん	禮	れいぎ、おれいをいう、しつれい	礼儀、お礼を言う、失礼	
列	レツ		6	刂,りっとう		れっしゃ、せいれつ	列車、整列	
練	レン	ね(る)	14	糹,いとへん	練	れんしゅう、くんれん	練習、訓練	
路	ロ	じ	13	足,あしへん		せんろ、どうろ	線路、道路	
和	ワ、オ	なご(む)、なご(やか)、やわ(らぐ)、やわ(らげる)	8	口,くち		へいわ、わふう、わしつ	平和、和風、和室	
愛	アイ		13	心,こころ	爱(中)	あい、あいしてる、れんあい	愛、愛してる、恋愛	
案	アン		10	木,き		あんない、ていあん	案内、提案	
以	イ	もっ(て)	5	人,ひと		いぜん、いがい、いこう、いか、いじょう、いらい	以前、以外、以降、以下、以上、以来	
衣	イ	ころも	6	衣,ころも		いしょう、いふく	衣装、衣服	
位	イ	くらい	7	亻,にんべん		いち、じゅんい、たんい、１い、２い…	位置、順位、単位、一位、2位	
囲	イ	かこ(む)、かこ(う)	7	囗,くにがまえ	圍	しゅうい、はんい、ふんいき、いご、	周囲、範囲、雰囲気、囲碁	
胃	イ		9	月,にくづき		いぶくろ、いちょう、いがいたい	胃袋、胃腸、胃が痛い	
印	イン	しるし	6	卩㔾,わりふ,ふひづくり		いんさつ、いんかん、いんしょう	印刷、印鑑、印象	
英	エイ		8	艹,くさかんむり		えいご、えいゆう、えいこく(イギリス)	英語、英雄、英国	
栄	エイ	さか(える)、は(え)、は(える)	9	木,き	榮	えいよう、えいこう、はんえい	栄養、栄光、繁栄	
塩	エン	しお	13	土,つちへん	鹽	しお、えんぶん	塩、塩分	
億	オク		15	亻,にんべん		いちおく、せん・まん・おく、10^8	一億	
加	カ	くわ(える)、くわ(わる)	5	力,ちから		さんか、ぞうか、かげん、かそく	参加、増加、加減、加速	
果	カ	は(たす)、は(て)、は(てる)、くだ	8	木,き		くだもの、かじつ	果物、果実	
貨	カ		11	貝,かい,こがい	货(中)	きんか(おかねのこと)、かしゃ	金貨、貨車	
課	カ		15	訁,ごんべん		かだい、かちょう、かてい、だいいっか、だいにか	課題、課長、課程、第一課、第二課	
芽	ガ	め	8	艹,くさかんむり		めばえ、はつが	芽生え、発芽	
改	カイ	あらた(める)、あらた(まる)	7	攵,のぶん		かいぜん、かいさつ、かいぞう、かいかく、かいざん	改善、改札、改造、改革、改竄	
械	カイ		11	木,きへん		きかい(マシン)、	機械	
害	ガイ		10	宀,うかんむり		ひがいしゃ、かがいしゃ、しょうがい、がいちゅう	被害者、加害者、障害、害虫	
街	ガイ、カイ	まち	12	行,ぎょうがまえ		まち、ちゅうかがい、じゅうたくがい、しょうてんがい	街、中華街、住宅街、商店街	
各	カク	おのおの	6	口,くち		かくじ、かっこく	各自、各国	
覚	カク、コウ	おぼ(える)、さ(ます)、さ(める)	12	見,みる	覺	かくご、かんかく、かくせい	覚悟、感覚、覚醒	
完	カン		7	宀,うかんむり		かんぺき、かんぜん	完璧、完全	
官	カン		8	宀,うかんむり		けいかん、きかん、しれいかん	警官、器官、司令官	
管	カン	くだ	14	𥫗,たけかんむり		かんり、くだ、かんかつ、けっかん	管理、管、管轄、血管	
関	カン	かか(わる)、せき	14	門,もんがまえ	關	かんけい、かんしん、かんれん、きかん、かんさい	関係、関心、関連、機関、関西	
観	カン	み(る)	18	見,みる	觀	かんこう、かんきゃく、かんさつ、テレビをみる	観光、観客、観察、テレビを観る	
願	ガン	ねが(う)	19	頁,おおがい		おねがいします	お願いします	
希	キ	まれ	7	巾,はば		まれな、(シンプルなほう)、(じょうようかんじ)、きぼう、きしょう	希な、希望、希少	
季	キ		8	子,こ		きせつ、しき	季節、四季	
紀	キ		9	糹,いとへん		せいき、きげん、きげんぜん	世紀、期限、紀元前	
喜	キ	よろこ(ぶ)	12	口,くち		きげき	喜劇	
旗	キ	はた	14	方,こうへん,かたへん		はた、こっき	旗、国旗	
器	キ	うつわ	15	口,くち	器	きぐ、ぶき、かくへいき	器具、武器、核兵器	
機	キ		16	木,きへん		きかい(マシン)、きのう、きかい(チャンス)	機械、機能、機会	
議	ギ		20	訁,ごんべん		かいぎ、ぎいん	会議、議員	
求	キュウ	もと(める)	7	水,したみず		ようきゅう、きゅうじん、よっきゅう	要求、求人、欲求	
泣	キュウ	な(く)	8	氵,さんずい		ごうきゅう	号泣	
救	キュウ	すく(う)	11	攵,のぶん		きゅうしゅつ、きゅうきゅうしゃ、きゅうじょ	救出、救急車、救助	
給	キュウ		12	糹,いとへん		きゅうりょう、じきゅう	給料、時給	
挙	キョ	あ(げる)、あ(がる)	10	扌,てへん	擧	せんきょ、しきをあげる	選挙、式を挙げる	
漁	ギョ、リョウ		14	氵,さんずい		ぎょせん、りょうし	漁船、漁師	
共	キョウ	とも	6	八,はち		～とともに、きょうぞん、きょうどう、きょうつう	～と共に、共存、共同、共通	
協	キョウ		8	十,じゅう		きょうかい、きょうりょく、だきょう、きょうぎ	協会、協力、妥協、協議	
鏡	キョウ	かがみ	19	釒,かねへん		めがね	眼鏡	
競	キョウ、ケイ	きそ(う)、せ(る)	20	立,たつ		きょうぎ、きょうそう、けいば	競技、競争、競馬	
極	キョク、ゴク	きわ(める)、きわ(まる)、きわ(み)	12	木,きへん		せっきょくてき、きょくげん、ごくらく	積極的、極限、極楽	
訓	クン		10	訁,ごんべん		くんよみ、くんれん、とっくん	訓読み、訓練、特訓	
軍	グン		9	車,くるま		ぐんたい、かいぐん	軍隊、海軍	
郡	グン		10	阝,おおざと		ぐんぶ、ぐんけん、ぐんせい...、とどうふけんの下のやつ	郡部、郡県、群生、都道府県の下のやつ	
径	ケイ		8	彳,ぎょうにんべん	徑	はんけい、ちょっけい	半径、直径	
型	ケイ	かた	9	土,つぢ		もけい、こがた、てんけい、おおがた	模型、小型、典型、大型	
景	ケイ		12	日,ひ		けしき、はいけい	景色、背景	
芸	ゲイ		7	艹,くさかんむり	藝	げいのうじん、げいにん、しゅげい	芸能人、芸人、手芸	
欠	ケツ	か(く)、か(ける)	4	欠,かける	缺	ふかけつ、けってん、あくび	不可欠、欠点、欠伸	
結	ケツ	むす(ぶ)、ゆ(う)、ゆ(わえる)	12	糹,いとへん		けっか、けっきょく、けっこん	結果、結局、結婚	
建	ケン、コン	た(つ)、た(てる)	9	廴,えんにょう		たてもの、けんちく	建物、建築	
健	ケン	すこ(やか)	11	亻,にんべん		けんこう、けんぜん、ほけん	健康、健全、保険	
験	ケン、ゲン		18	馬,うまへん	驗	しけん、けいけん、じっけん、じゅけん、たいけん	試験、経験、実験、受験、体験	
固	コ	かた(い)、かた(まる)、かた(める)	8	囗,くにがまえ		こてい、こゆう、がんこ	固定、固有、頑固	
功	コウ、ク		5	力,ちから		せいこう、こうせき	成功、功績	
好	コウ	この(む)、す(く)	6	女,おんな		～がすきです、だいこうぶつ	～が好きです、大好物	
候	コウ	そうろう	10	亻,にんべん		てんこう、こうほ、きこう、ちょうこう	天候、候補、気候、兆候	
航	コウ		10	舟,ふねへん		こうくうけん、こうくうがいしゃ、こうくうびん	航空券、航空会社、航空便	
康	コウ		11	广,まだれ		けんこう	健康	
告	コク	つ(げる)	7	口,くち		けいこく、じけんのひこく、ほうこく、こくはく	警告、事件の被告、報告、告白	
差	サ	さ(す)	10	工,え,たくみ		さべつ、じさ、さしだし	差別、時差、差出	
菜	サイ	な	11	艹,くさかんむり		やさい、さいしょく、はくさい	野菜、採食、白菜	
最	サイ	もっと(も)	12	曰,いわく		さいこう、さいご、さいあく	最高、最期、最悪	
材	ザイ		7	木,きへん		しゅざい、ざいりょう、きざい、そざい、もくざい	取材、材料、機材、素材、木材	
昨	サク		9	日,ひへん		きのう、さくねん、さくばん	昨日、昨年、昨晩	
札	サツ	ふだ	5	木,きへん		かいさつぐち、さっぽろ	改札口、札幌	
刷	サツ	す(る)	8	刂,りっとう		いんさつ	印刷	
殺	サツ、サイ、セツ	ころ(す)	10	殳,るまた	殺	さつじん、じさつ	殺人、自殺	
察	サツ		14	宀,うかんむり		かんさつ、けんさつ、さっする、ささつ	観察、検察、察する、査察	
参	サン	まい(る)	8	ム,む	參	さんか、さんこう、じさん	参加、参考、持参	
産	サン	う(まれる)、う(む)、うぶ	11	生,いきる	產	せいさん、しゅっさん、りゅうざん	生産、出産、流産	
散	サン	ち(らかす)、ち(らす)、ち(る)	12	攵,のぶん		さんぽ、かいさん、さんぱつ、さんざん	散歩、解散、散髪、散々	
残	ザン	のこ(す)、のこ(る)	10	歹歺,かばねへん	殘	ざんねん、ざんだか	残念、残高	
士	シ		3	士,さむらい		せんし、しんし	戦士、紳士	
氏	シ	うじ	4	氏,うじ		しめい、ジョナし	氏名、ジョナ氏	
史	シ		5	口,くち		れきし、しじょうはつ	歴史、史上初	
司	シ	つかさど(る)	5	口,くち		すし、じょうし、しれいかん	寿司、上司、司令官	
試	シ	こころ(みる)、ため(す)	13	訁,ごんべん		しけん、しさく	試験、試作	
児	ジ、ニ		7	儿,ひとあし	兒	もんだいじ、じどう、ようじ	問題児、児童、幼児	
治	ジ、チ	おさ(まる)、おさ(める)、なお(す)、なお(る)	8	氵,さんずい		せいじ、ちりょう、ちあん、たいじ、めいじ	政治、治療、治安、泰治、明治	
辞	ジ	や(める)	13	辛,からい	辭	じしょ、じしょく、じてん、じひょう	辞書、辞職、辞典、辞表	
失	シツ	うしな(う)	5	大,ダイ		しっぱい、しつぼう、しつれい、しつれん	失敗、失望、失礼、失恋	
借	シャク	か(りる)	10	亻,にんべん		しゃっきん	借金	
種	シュ	たね	14	禾,のぎへん		しゅるい、いっしゅ、じんしゅ、ひんしゅ、しゅぞく	種類、一種、人種、品種、種族	
周	シュウ	まわ(り)	8	口,くち		しゅうへん、しゅうい、いっしゅう、よういしゅうとう	周辺、周囲、一周、用意周到	
祝	シュク、シュウ	いわ(う)	9	礻,しめす	祝	しゅくじつ	祝日	
順	ジュン		12	頁,おおがい		てじゅん、じゅんちょう、じゅんばん	手順、順調、順番	
初	ハツ	はじ(め)、はじ(めて)、はつ	7	刂,りっとう		さいしょ、しょき、しょきゅう	最初、初期、初級	
松	ショウ	まつ	8	木,きへん		まつ(きのなまえ)、まつばやし	松、松林	
笑	ショウ	わら(う)	10	𥫗,たけかんむり		ばくしょう、えがお	爆笑、笑顔	
唱	ショウ	とな(える)	11	口,くちへん		がっしょう、ていしょう	合唱、提唱	
焼	ショウ	や(く)、や(ける)	12	火,ひへん	燒	やきとり、ねんしょう	焼き鳥、燃焼	
象	ショウ、ゾウ		12	豕,ぶた		ぞう(どうぶつ)、たいしょう、しょうちょう、いんしょう	象、対象、象徴、印象	
照	ショウ	て(らす)、て(る)、て(れる)	13	灬,れんが,れっか		しょうめい、さんしょう	照明、参照	
賞	ショウ		15	貝,こがい		しょうきん、しょうひん、じゅしょう、しょうじょうのじゅよ	賞金、賞品、受賞、賞状の授与	
臣	シン、ジン		7	臣,しん		だいじん、そうりだいじん	大臣、総理大臣	
信	シン		9	亻,にんべん		しん(じる)、しんじつ、つうしん、じしん、しんごう、しんじゃ	信じる、信実、通信、自身、信号、信者	
成	セイ、ジョウ	な(る)、な(す)	6	戈,ほこ		せいじん、せいちょう、せいか、さんせい	成人、成長、成果、賛成	
省	ショウ、セイ	はぶ(く)、かえり(みる)	9	目,め		がいむしょう、しょうりゃく、きせい	外務省、省略、帰省	
清	セイ、ショウ	きよ(い)、きよ(まる)、きよ(める)	11	氵,さんずい		せいけつ、せいそう	清潔、清掃	
静	セイ、ジョウ	しず(か)、しず(まる)、しず(める)	14	青,あおへん	靜	せいしゅく、れいせい	静粛、冷静	
席	セキ		10	巾,はば		しゅっせき、しゅせき、けっせき、きゃくせき	出席、主席、欠席、客席	
積	セキ	つ(む)、つ(もる)	16	禾,のぎへん		せっきょくてき	積極的	
折	セツ	おり、お(る)、お(れる)	7	扌,てへん		こっせつ	骨折	
節	セツ、セチ	ふし	13	𥫗,たけかんむり		せつやく、かんせつ、きせつ、ちょうせつ、おせちりょうり	節約、関節、季節、調節、お節料理	
説	セツ、ゼイ	と(く)	14	訁,ごんべん		せつめい、せっきょう、せっとく	説明、説教、説得	
浅	セン	あさ(い)	9	氵,さんずい	淺			
戦	セン	たたか(う)、いくさ	13	戈,ほこ	戰	せんそう	戦争	
選	セン	えら(ぶ)	15	辵辶⻌,しんにょう		せんたく、せんきょ	洗濯、選挙	
然	ゼン、ネン		12	灬,れんが,れっか		ぜんぜん(２ばんめ)、しぜん、てんねん	全然、自然、天然	
争	ソウ	あらそ(う)	6	亅,はねぼう	爭	せんそう	戦争	
倉	ソウ	くら	10	人,ひとやね		そうこ	倉庫	
巣	ソウ	す	11	⺍,つかんむり	巢	す(とりのす)	巣	
束	ソク	たば	7	木,き		はなたば	花束	
側	ソク	がわ	11	亻,にんべん		そくめん、～がわ(ひだりがわ)、うちがわ	側面、～側、内側	
続	ゾク	つづ(く)、つづ(ける)	13	糹,いとへん	续(中)、續	れんぞく、てつづき	連続、手続き	
卒	ソツ		8	十,じゅう		そつぎょう、こうそつ、しんそつ	卒業、高卒、新卒	
孫	ソン	まご	10	子,こへん		しそん	子孫	
帯	タイ	おび、お(びる)	10	巾,はば	帶	けいたい	携帯	
隊	タイ		12	阜阝,こざとへん		じえいたい、ぐんたい、たいちょう	自衛隊、軍隊、隊長	
達	タツ、タチ、ダチ		12	辵辶⻌,しんにょう		～たち(ふくすう)、たっせい、ともだち	～達、達成、友達	
単	タン		9	⺍,つかんむり	單	かんたん、たんすう	簡単、単数	
置	チ	お(く)	13	罒,あみがしら		おきば、せっち	置き場、設置	
仲	チュウ	なか	6	亻,にんべん		なかま、ちゅうかい	仲間、仲介	
貯	チョ		12	貝,こがい		ちょきん	貯金	
兆	チョウ	きわ(し)、きざ(す)	6	儿,ひとあし		ちょうこう、きっちょう、10^12	兆候、吉兆	
腸	チョウ	はらわた	13	月,にきづき		いちょう、ちょうえん	胃腸、腸炎	
低	テイ	ひく(い)、ひく(まる)、ひく(める)	7	亻,にんべん		ていか、ていおん、さいてい	低下、低温、最低	
底	テイ	そこ	8	广,まだれ		かいてい、とうてい	海底、到底	
停	テイ		11	亻,にんべん		ていし、ていしゃ、バスてい	停止、停車、バス停	
的	テキ	まと	8	白,しろへん		～てきな、もくてき、ぐたいてき	～的な、目的、具体的	
典	テン		8	八,はち		じてん、てんけいてき	辞典、典型的	
伝	デン	つた(える)、つた(わる)、つた(う)	6	亻,にんべん	傳	でんとう	伝統	
徒	ト		10	彳,ぎょうにんべん		せいと、とほ	生徒、徒歩	
努	ド	つと(める)	7	力,ちから		どりょく	努力	
灯	トウ	ひ、とぼし、とも(す)	6	火,ひへん	燈	とうだい、でんとう、がいとう	灯台、電灯、街灯	
堂	ドウ		11	土,つち		しょくどう、どうどう	食堂、堂々	
働	ドウ	はたら(く)	13	亻,にんべん				
特	トク		10	牜,うしへん		とくべつ、とっきゅう、とくに	特別、特急、特に	
得	トク	え(る)、う(る)	11	彳,ぎょうにんべん		しょとく、とくてん、かくとく	所得、得点、獲得	
毒	ドク		8	母,はは		どく、ちゅうどく	毒、中毒	
熱	ネツ	あつ(い)	15	灬,れんが,れっか		ねつ、はつねつ	熱、発熱	
念	ネン		8	心,こころ		きねん、ねんがん、ねんりょく、がいねん	記念、念願、念力、概念	
敗	ハイ	やぶ(れる)	11	攵,のぶん		はいぼく、しっぱい	敗北、失敗	
梅	バイ	うめ	10	木,きへん		うめぼし、うめしゅ、しょうちくばい	梅干し、梅酒、松竹梅	
博	ハク、バク		12	十,じゅう		はかせ、はくし、はくぶつかん	博士、博士、博物館	
飯	ハン	めし	12	飠,しょくへん		ごはん	ご飯	
飛	ヒ	と(ぶ)、と(ばす)	9	飛,とぶ	飞(中)	ひこうき	飛行機	
費	ヒ	つい(える)、つい(やす)	12	貝,こがい		しょうひ、しょうひきげん	消費、消費期限	
必	ヒツ	かなら(ず)	5	心,こころ		ひつよう、ひっしゅ	必要、必須	
票	ヒョウ		11	示,しめす		とうひょう、いっぴょう、でんぴょう	投票、一票、伝票	
標	ヒョウ		15	木,きへん		もくひょう、ひょうじゅんもんだいしゅう、ひょうてき	目標、標準問題集、標的	
不	フ、ブ		4	一,いち		ふめい、ふあん、ふまん	不明、不安、不満	
夫	フ、フウ	おっと	4	大,だい		おっと、ふうふ	夫、夫婦	
付	フ	つ(く)、つ(ける)	5	亻,にんべん		つける、ふきん、つきあい、～つき	付ける、付近、付き合い、～付き	
府	フ		8	广,まだれ		とどうふけん、きょうとふ	都道府県、京都府	
副	フク		11	刂,りっとう		ふくし(ぶんぽうの)、ふくしゃちょう、ふくさよう	副詞、副社長、副作用	
粉	フン	こ、こな	10	米,こめ		かふん、こなごな	花粉、粉々	
兵	ヘイ、ヒョウ		7	八,はち		へいし、へいき、かくへいき	兵士、兵器、核兵器	
別	ベツ	わか(れる)	7	刂,りっとう	别	べつに、べつの～、とくべつ	別に、別の、特別	
辺	ヘン	あた(り)、べ	5	辵辶⻌,しんにょう	邊	このへん、このあたり、しゅうへん	この辺、この辺り、周辺	
変	ヘン	か(える)、か(わる)	9	夂,ふゆがしら	变(中)、變	へんか、たいへん、へんかん、へんこう	変化、大変、変換、変更	
便	ベン、ビン	たよ(り)	9	亻,にんべん		べんり、こうくうびん、べんき	便利、航空便、便器	
包	ホウ	つつ(む)	5	勹,つつみがまえ		ほうい、ほうちょう、ほうたい	包囲、包丁、包帯	
法	ホウ、ハッ、ホッ		8	氵,さんずい		ほうりつ、けんぽう、ほうほう(２ばんめ)	法律、憲法、方法	
望	ボウ、モウ	のぞ(む)	11	月,つき		がんぼう、ぼうえんきょう	願望、望遠鏡	
牧	ボク	まき	8	牜,うしへん		ぼくじょう	牧場	
末	マツ、バツ	すえ	5	木,き		しゅうまつ、ねんまつ	週末、年末	
満	マン	み(たす)、み(ちる)	12	氵,さんずい	滿	まんせき、みまん	満席、未満	
未	ミ		5	木,き		みらい、みてい、みせいねん	未来、未定、未成年	
脈	ミャク		10	月,にくづき		さんみゃく、ぶんみゃく、みゃくはく	山脈、文脈、脈拍	
民	ミン	たみ	5	氏,うじ		みんぞく、こくみん、しみん、じゅうみん	民族、国民、市民、住民	
無	ブ、ム	な(い)	12	灬,れんが,れっか		ない、む、むしょく、ぶれい	無い、無、無職、無礼	
約	ヤク		9	糹,いとへん		せつやく、やくそく、やく～	節約、約束、約～	
勇	ユウ	いさ(む)、いさ(ましい)	9	力,ちから		ゆうしゃ、ゆうき、ゆうかん	勇者、勇気、勇敢	
要	ヨウ	かなめ、い(る)	9	覀,おおいかんむり		ようやく、ようするに、ひつよう	要約、要するに、必要	
養	ヨウ	やしな(う)	15	食,しょく		ようし、えいよう、きゅうよう	養子、栄養、休養	
浴	ヨク	あ(びる)、あ(びせる)	10	氵,さんずい		シャワーをあびる、よくそう、よくしつ、にゅうよく	浴びる、浴槽、浴室、入浴	
利	リ	き(く)	7	刂,りっとう		りえき、りよう	利益、利用	
陸	リク		11	阜阝,こざとへん		じょうりく、りくち、りくちゃく	上陸、陸地、陸着	
良	リョウ	よ(い)	7	艮,ねづくり		かいりょう、ふりょう、なかよく	改良、不良、仲良く	
料	リョウ		10	斗,と		りょうり、ざいりょう	料理、材料	
量	リョウ	はか(る)	12	里,さと		たいりょう、しつりょう、すうりょう	大量、質量、数量	
輪	リン	わ	15	車,くるまへん		ごりん、わ、わゴム、りんかく、にりん	五輪、輪、輪ゴム、輪郭、二輪	
類	ルイ	たぐ(い)	18	頁,おおがい	类(中)、類	しゅるい、るいぎご	種類、類義語	
令	レイ		5	亻,にんべん		めいれい、しれいかん	命令、司令官	
冷	レイ	さ(める)、さ(ます)、つめ(たい)、ひ(える)、ひ(やす)	7	冫,にすい		れいぞうこ	冷蔵庫	
例	レイ	たと(える)	8	亻,にんべん		れい、れいぶん、たとえば	例、例文、例えば	
歴	レキ		14	止,とめる	歷	れきし	歴史	
連	レン	つら(なる)、つ(れる)、つら(ねる)	10	辵辶⻌,しんにょう		れんらく、れんぞく、かんれん、れんきゅう	連絡、連続、関連、連休	
老	ロウ	お(いる)、ふ(ける)	6	老耂,おいかんむり		ろうじん	老人	
労	ロウ	いたわ(る)	7	力,ちから		ろうどう、ひろう	労働、疲労	
録	ロク		16	釒,かねへん	錄	ろくおん、ろくが	録音、録画	
圧	アツ		5	土,つち	壓	あっしょう、けつあつ	圧勝、血圧	
移	イ	うつ(す)、うつ(る)	11	禾,のぎへん		いどう、いしょく、いしょくしゅじゅつ	移動、移植、移植手術	
因	イン	よ(る)、ちな(みに)	6	囗,くにがまえ		げんいん、よういん、しいん、はいいんをかんがえる	原因、要因、死因、敗因を考える	
永	エイ	なが(い)	5	水,みず		えいえん、えいじゅう	永遠、永住	
営	エイ	いとな(む)	12	⺍,つかんむり	營	えいぎょうちゅう	営業中	
衛	エイ		0	行,ぎょう,ぎょうがまえ	衞	じえいたい、ぼうえい、えいせい	自衛隊、防衛、衛星	
易	イ、エキ	やす(い)	8	日,ひ		かんい、ぼうえき	簡易、貿易	
益	エキ、ヤク	ます	10	皿,さら	益	ゆうえき、ますます、りえき	有益、益々、利益	
液	エキ		11	氵,さんずい		けつえき、えきたい	血液、液体	
演	エン		14	氵,さんずい		えんじる、しゅつえん、こうえん、えんぎ、えんげき	演じる、出演、講演、演技、演劇	
応	オウ	こた(える)	7	心,こころ	應	おうえん、おうじる、たいおう、おうとう	応援、応じる、対応、応答	
往	オウ		7	彳,ぎょうにんべん		おうふく、おうらい	往復、往来	
桜	オウ	さくら	10	木,きへん	櫻			
恩	オン		10	心,こころ		おんがえし、おんじん	恩返し、恩人	
可	カ		5	口,くち		かのう、ふかのう、ふかけつ、かわいい	可能、不可能、不可欠、可愛い	
仮	カ、ケ	かり	6	亻,にんべん	假	かりに、かせつ、かな、ひらがな、かたかな、けびょう	仮に、仮設、仮名、平仮名、片仮名、仮病	
価	カ	あたい	8	亻,にんべん	價	かち(のある)、ていか、かかく、ひょうか	価値、定価、価格、評価	
河	カ	かわ	8	氵,さんずい		ぎんが、ひょうが、かっぱ、たいが、かせん(かわ＋かわ)	銀河、氷河、河童、大河、河川	
過	カ	す(ぎる)、す(ごす)、あやま(ち)、あやま(つ)	12	辵辶⻌,しんにょう		～すぎ、かこ、かじょう、かてい、かろう	～過ぎ、過去、過剰、過程、過労	
賀	ガ		12	貝,こがい		ねんがじょう、きんがしんねん	年賀状、謹賀新年	
快	カイ	こころよ(い)	7	忄,りっしんべん		かいてき、かいせい、ゆかい、かいかん	快適、快晴、愉快、快感	
解	カイ、ゲ	と(かす)、と(く)、と(ける)	13	角,つのへん,かくへん		かいけつ、りかい、かいこ、かいしゃく	解決、理解、解雇、解釈	
格	カク、コウ		10	木,きへん		せいかく、ごうかく、かかく、かくさ、かくとう、しかく	性格、合格、価格、格差、格闘、資格	
確	カク	たし(か)、たし(かめる)	15	石,いしへん		かくにん、せいかく(な)	確認、正確な	
額	ガク	ひたい	18	頁,おおがい		きんがく、はんがく、かがく	金額、半額、科学	
刊	カン		5	刂,りっとう		(ざっしかんけい)、かんこう、げっかん、しゅうかんし、しんかん	刊行、月刊、週刊誌、新刊	
幹	カン	みき	13	干,かん		しんかんせん、かんぶ	新幹線、幹部	
慣	カン	な(らす)、な(れる)	14	忄,りっしんべん		かんしゅう、かんようく、しゅうかん	慣習、慣用句、習慣	
眼	ガン、ゲン	まなこ	11	目,めへん		がんきゅう、めがね、まなざし	眼球、眼鏡、眼差し	
基	キ	もと、もと(づく)、もと(い)	11	土,つち		きほん、きそ	基本、基礎	
寄	キ	よ(る)、よ(せる)	11	宀,うかんむり		きせいじゅう、きふ、きぞう、ちかよる	寄生獣、寄付、寄贈、近寄る	
規	キ		11	見,みる		きそく、きせい、きぼ、しんきとうろく	規則、規制、規模、新規登録	
技	ギ	わざ	7	扌,てへん		ぎじゅつ、えんぎ、きゅうぎ	技術、演技、球技	
義	ギ		13	羊,ひつじ		ていぎ、しゅぎ、ぎふ、ぎむ、せいぎ、こうぎ	定義、主義、義父、義務、正義、講義	
逆	ギャク	さか、さか(らう)	9	辵辶⻌,しんにょう		ぎゃくに、ぎゃくてん、ぎゃくこうか	逆に、逆転、逆効果	
久	キュウ、ク	ひさ(しい)	3	丿,の,はらいぼう		ひさしぶり、ひさびさ、えいきゅう、じきゅう	久しぶり、久々、永久、持久	
旧	キュウ		5	日,ひ	舊	(ふるい)、きゅうじ、きゅうしき、きゅうせい	旧字、旧式、旧制	
居	キョ	い(る)	8	尸,しかばね		いばしょ、しんきょ、いま、きょじゅう、いざかや、いねむり	居場所、新居、居間、居住、居酒屋、居眠り	
許	キョ	ゆる(す)	11	訁,ごんべん		きょか、とっきょ、めんきょ	許可、特許、免許	
境	キョウ、ケイ	さかい	14	土,つちへん		きょうかい(さかい)、かんきょう	境界、環境	
均	キン		7	土,つちへん		へいきん、きんこう、きんいつ、ひゃっきん	平均、均衡、均一、百均	
禁	キン		13	示,しめす		きんもつ、ゆだんきんもつ、きんし、たちいりきんし	禁物、油断禁物、禁止、立ち入り禁止	
句	ク		5	口,くち		きんく、はいく、もんく、あげく、かんようく	禁句、俳句、文句、挙句、慣用句	
群	グン	む(れ)、む(れる)	13	羊,ひつじ		(どうぶつのむれ)、ばつぐん、ぐんぞう、ぐんとう	抜群、群像、群島	
経	ケイ、キョウ	へ(る)、た(つ)	11	糹,いとへん	經	(じかんが)たつ、けいえい、けいざい、けいけん	経つ、経営、経済、経験	
潔	ケツ	いさぎよ(い)	15	氵,さんずい		せいけつ、ふけつ、けっぺき、けっぱく	清潔、不潔、潔癖、潔白	
件	ケン	くだり	6	亻,にんべん		じけん、じょうけん、ようけん、ぶっけん	事件、条件、要件、物件	
券	ケン		8	刀,かたな		けん(きっぷ)、こうくうけん、にゅうじょうけん	券、航空券、入場券	
険	ケン	けわ(しい)	11	阜阝,こざとへん	險	きけん、ほけん、けんあく、ぼうけん	危険、保険、険悪、冒険	
検	ケン		12	木,きへん	檢	けんてい(かんけん)、けんさ、けんさつ、けんとう	検定、検査、検察、検討	
限	ゲン	かぎ(る)	9	阜阝,こざとへん		げんてい、～にかぎる、げんかい、げんど、きげん	限定、～に限る、限界、限度、期限	
現	ゲン	あらわ(す)、あらわ(れる)	11	王,おうへん		げんざい、げんじつ、げんば	現在、現実、現場	
減	ゲン	へ(る)、へ(らす)	12	氵,さんずい		さくげん、げんしょう、ぞうげん、げんてん、かげん	削減、減少、増減、減点、加減	
故	コ	ゆえ	9	攵,のぶん		じこ、ゆえに、こい、こじ、こしょう、なぜ	事故、故に、故意、故障、何故	
個	コ		10	亻,にんべん		こじん、こせい	個人、個性	
護	ゴ		20	訁,ごんべん		えんご、べんごし、ほご、かんごし	援護、弁護士、保護、看護師	
効	コウ	き(く)	8	力,ちから	效	こうか、こうりつ、ゆうこう	効果、効率、有効	
厚	コウ	あつ(い)、あつ(かましい)	9	厂,がんだれ		あつい(ふとさ)、あつがみ、あついほん、こうせい、のうこう、こうがんむち	厚い、厚紙、厚い本、厚生、濃厚、厚顔無恥	
耕	コウ	たがや(す)	10	耒,らいすき,すきへん		のうこう、こうさく	農耕、耕作	
鉱	コウ		13	釒,かねへん	鑛	こうざん、こうぎょう、こうぶつ、こうせき	鉱山、鉱業、鉱物、鉱石	
構	コウ	かま(う)、かま(える)	14	木,きへん		こうぞう、きこう、こうせい、きょこう	構造、機構、構成、虚構	
興	キョウ、こう	おこ(す)、おこ(る)	16	臼,うす		きょうみ、こうふん、ふっこう	興味、興奮、復興	
講	コウ		17	訁,ごんべん		こうぎ(じゅぎょう)、こうえん、こうし、こうぎしつ	講義、講演、講師、講義室	
混	コン	こ(む)、ま(ざる)、ま(じる)、ま(ぜる)	11	氵,さんずい		こんらん、ひとごみ、こんざつ、こんけつ	混乱、人混み、混雑、混血	
査	サ	しら(べる)	9	木,き		ちょうさ、そうさ、ささつ、けんさ	調査、捜査、査察、検査	
再	サ、サイ	ふたた(び)	6	冂,けいがまえ,まきがまえ,どうがまえ,えんがまえ		さいかい、さらいしゅう、さいげん	再開、再来週、再現	
災	サイ	わざわ(い)	7	火,ひ		かさい、さいがい	災い、災害	
妻	サイ	つま	8	女,おんな		ふさい、ひとづま、さいし、いなづま	夫妻、人妻、妻子、稲妻	
採	サイ	と(る)	11	扌,てへん		さいよう、さいしゅ、さいてん、さいくつ	採用、採取、採点、採掘	
際	サイ	きわ、ぎわ	14	阜阝,こざとへん		こくさい、じっさい、まどぎわ、こうさい、きわだつ	国際、実際、窓際、交際、際立つ	
在	ザイ	あ(る)	6	土,つち		げんざい、そんざい、ざいがく、ざいにち	現在、存在、在学、在日	
財	ザイ、サイ		10	貝,こがい		さいふ、ざいさん、ざいげん、ざいせい、ざいむかん	財布、謝罪、財源、財政、財務官	
罪	ザイ	つみ	13	罒,あみがしら,あみめ		つみ、しゃざい、はんざい、むざい、ざいあく	罪、謝罪、犯罪、無罪、罪悪	
雑	ザツ、ゾウ		14	隹,ふるとり	雜	ざっし、ざつおん、ぞうきん、ざっそう	雑誌、雑音、雑巾、雑草	
酸	サン	す(い)	14	酉,とりへん		さんそ、すっぱい、たんさん	酸素、酸っぱい、炭酸	
賛	サン		15	貝,こがい	贊	さんせい、さんぴりょうろん	賛成、賛否両論	
支	シ	ささ(える)	4	支,し,しにょう,えだにょう,じゅうまた		しえん、しじ、してん、しはい、ししゃ	支援、支持、支店、支配、支社	
志	シ	こころざし、こころざ(す)	7	心,こころ		いし、どうし、しがん、しぼう	意志、同志、志願、志望	
枝	シ	えだ	8	木,きへん		こえだ、つまようじ、えだまめ	小枝、爪楊枝、枝豆	
師	シ		10	巾,はば	师(中)	きょうし(せんせい)、いし、りょうし	教師、医師、猟師	
資	シ		13	貝,こがい		しかく、しりょう、しきん、とうし、しげん	資格、資料、資金、投資、資源	
飼	シ	か(う)	13	飠,しょくへん		しいく、かいぬし、かいいぬ、かいねこ	飼育、飼い主、飼い犬、飼い猫	
示	ジ、シ	しめ(す)	5	示,しめす		しじ、しさ、けいじばん、てんじ	指示、示唆、掲示板、展示	
似	ジ	に(る)	7	亻,にんべん		にてる、にせがお、にあい	似てる、偽顔、似合い	
識	シキ		19	訁,ごんべん	识(中)	いしき、にんしき、しきべつ、ちしき	意識、認識、識別、知識	
質	シツ、シチ、チ	ただ(す)	15	貝,こがい		しつもん、しつりょう、あくしつ、じっしつ、ひとじち	質問、質量、悪質、実質、人質	
舎	シャ		8	舌,した	舍	いなか、こうしゃ	田舎、校舎	
謝	シャ	あやま(る)	17	訁,ごんべん		かんしゃ、しゃざい、しゃれい	感謝、謝罪、謝礼	
授	ジュ	さず(ける)、さず(かる)	11	扌,てへん		じゅぎょう、じゅよ、きょうじゅ	授業、授与、教授	
修	シュウ、シュ	おさ(まる)、おさ(める)	10	亻,にんべん		しゅうり、しゅうし(マスター)、しゅうぎょう、けんしゅう、ひっしゅう	修理、修士、修業、研修、必修	
述	ジュツ	の(べる)	8	辵辶⻌,しんにょう		きじゅつ、こうじゅつ、じゅつご	記述、口述、述語	
術	ジュツ		11	行,ぎょうがまえ		ぎじゅつ、げいじゅつ、びじゅつ、しゅじゅつ	技術、芸術、美術、手術	
準	ジュン		13	氵,さんずい		じゅんび、きじゅん、すいじゅん、ひょうじゅん	準備、基準、水準、標準	
序	ジョ	つい(で)	7	广,まだれ		じゅんじょ、ちつじょ、じょばん、じょしょう	順序、秩序、序盤、序章	
招	ショウ	まね(く)	8	扌,てへん		まねきねこ、しょうたいじょう	招き猫、招待状	
承	ショウ	うけたまわ(る)	8	手,て		しょうにん、しょうだく、しょうち、りょうしょう	承認、承諾、承知、了承	
証	ショウ	あかし	12	訁,ごんべん	證	しょうめい、しょうにん、しょうしょ、ほしょうにん	証明、証人、証書、保証人	
条	ジョウ		7	木,き	條	じょうけん、じょうこう、じょうぶん	条件、条項、条文	
状	ジョウ		7	犬犭,けもの	狀	じょうたい、じょうきょう、げんじょう、しょうじょう	状態、状況、現状、賞状	
常	ジョウ	つね、とこ	11	巾,はば		つうじょう、にちじょう、つねに、とこなつ、じょうしき	通常、日常、常に、常夏、常識	
情	ジョウ、セイ	なさ(け)	11	忄,りっしんべん		じょうほう、じじょう、ひょうじょう、じょうねつ	情報、事情、表情、情熱	
織	シキ、ショク	お(る)	18	糹,いとへん		おりもの、そしき、はおり、	織物、組織、羽織	
職	ショク		18	みみ,みみへん		しょくば、しょくいん、しょくぎょう	職場、職員、職業	
制	セイ		8	刂,りっとう		せいど、きせい、せいげん、たいせい、せいさく、せいふく	制度、規制、制限、体制、制作、制服	
性	セイ、ショウ		8	忄,りっしんべん		だんせい、じょせい、かのうせい、せいしつ、きしょう	男性、女性、可能性、性質、気性	
政	セイ、ショウ	まつりごと	9	攵,のぶん		せいじ、せいじか、せいふ	政治、政治家、政府	
勢	セイ	いきお(い)	13	力,ちから		おおぜい、せいりょく、しせい、じょうせい、たいせい	大勢、勢力、姿勢、情勢、態勢	
精	セイ、ショウ		14	こめ,こめへん		せいしん、せいさん、せいみつ、せいぜい、せいいっぱい	精神、精算、精密、精々、精一杯	
製	セイ		14	衣,ころも		せいぞう、せいひん、せいさく、にほんせい	製造、製品、製作、日本製	
税	ゼイ		12	禾,のぎへん		ぜい、ぜいきん、ぜいせい、げんぜい、ぞうぜい	税、税金、税制、減税、増税	
責	セキ	せ(める)	11	貝,こがい		せきにん	責任	
績	セキ	う(む)	17	糹,いとへん		じっせき、せいせき、ぼうせき	実績、成績、紡績	
接	セツ	つ(ぐ)	11	扌,てへん		ちょくせつ、せっきん、せっしょく	直接、接近、接触	
設	セツ	もう(ける)	11	訁,ごんべん		そうせつ、しせつ、せっち、せってい、せつび	創設、施設、設置、設定、設備	
舌	ゼツ	した	6	舌,した		した、ねこじた、したうち	舌、猫舌、舌打ち	
絶	ゼツ	た(える)、た(つ)、た(やす)	12	糹,いとへん		ぜったい、ぜつぼう、きょぜつ、だんぜつ	絶対、絶望、拒絶、断絶	
銭	セン	ぜに	14	釒,かねへん	錢	きんせん、こぜに	金銭、小銭	
祖	ソ		9	礻,しめすへん		そせん、そふ、そふぼ、せんぞ	祖先、祖父、祖父母、先祖	
素	ソ、ス		10	絲,いと		そざい、そしつ、すなお、しろうと、すてき、すばらしい	素材、素質、素直、素人、素敵、素晴らしい	
総	ソウ		14	糹,いとへん	總	そうごう、そうおどり、そうせんきょ、そうりだいじん	総合、総踊り、総選挙、総理大臣	
造	ゾウ	つく(る)	10	辵辶⻌,しんにょう		こうぞう、せいぞう、かいぞう、ぎぞう、じんぞう	構造、製造、改造、偽造、人造	
像	ゾウ		14	亻,にんべん		えいぞう、がぞう、そうぞう、どうぞう、ぞうのぞう	映像、画像、想像、銅像、象の像	
増	ゾウ	ふ(える)、ふ(やす)、ま(す)	14	土,つちへん	增	ぞうか、ぞうげん、ぞうぜい	増加、増減、増税	
則	ソク		9	刂,りっとう		げんそく、きそく、こうそく、はんそく	原則、規則、校則、反則	
測	ソク	はか(る)	12	氵,さんずい		かんそく、そくてい、すいそく、よそく、けいそく	観測、測定、推測、予測、計測	
属	ゾク		12	尸,しかばね	屬	はいぞく、ぞくする、きんぞく、しょぞく、ふぞく	配属、属する、金属、所属、付属	
率	リツ、ソツ	ひき(いる)	11	玄,げん		かくりつ、こうりつ、けいそつ	確率、効率、軽率	
損	ソン	そこ(なう)、そこ(ねる)	13	扌,てへん		そんする、そんがい、そんしつ、はそん	損する、損害、損失、破損	
退	タイ	しりぞ(く)、しりぞ(ける)	9	辵辶⻌,しんにょう		てったい、たいいん、たいがく、たいじ、たいしょく、たいきん	撤退、退院、退学、退治、退職、退勤	
貸	タイ	か(す)	12	貝,こがい		かす(かりるのぎゃく)、たいしゃく、かしだし、ちんたい、かしきん	貸す、貸借、貸出、賃貸、貸金	
態	タイ		14	心,こころ		たいど、じょうたい、じたい、じったい、たいせい	態度、状態、事態、実態、態勢	
団	ダン、トン		6	囗,くにがまえ	團	だんたい、ふとん	団体、布団	
断	ダン	ことわ(る)、た(つ)	11	斤,おのづくり	斷	はんだん、だんげん、だんじて、おうだんほどう	判断、断言、断じて、横断歩道	
築	チク	きず(く)	16	𥫗,たけかんむり		けんちく、しんちく、こうちく、かいちく	建築、新築、構築、改築	
張	チョウ	は(る)	11	弓,ゆみへん		しゅっちょう、しゅちょう、かくちょう、がんばる、きんちょう、いばる	出張、主張、拡張、頑張る、緊張、威張る	
提	テイ	さ(げる)	12	扌,てへん		ていきょう、ていあん、ぜんてい、ていけい	提供、提案、前提、提携	
程	テイ	ほど	12	禾,のぎへん		ていど、あるていど、にってい、かてい、よほど、ほうていしき	程度、ある程度、日程、過程、余程、方程式	
適	テキ		14	辵辶⻌,しんにょう		てきど、てきとう、てきせつ、さいてき	適度、適当、適切、最適	
敵	テキ	かたき	15	攵,のぶん		てき、きょうてき、てんてき、てきい、むてき	敵、強敵、天敵、敵意、無敵	
統	トウ	す(べる)	12	糹,いとへん		だいとうりょう、とういつ、でんとう	大統領、統一、伝統	
銅	ドウ		14	釒,かねへん		どう(～・ぎん・きん)、どうか、どうぞう、どうたく(やよい)	銅、銅貨、銅像、銅鐸	
導	ドウ	みちび(く)	15	寸,すん		しどう、しどうしゃ、どうにゅう、しゅどう、ゆうどう	指導、指導者、導入、主導、誘導	
徳	トク		14	彳,ぎょうにんべん	德	しょうとくたいし、どうとく、はいとく	聖徳太子、道徳、背徳	
独	ドク	ひと(り)	9	犭,けものへん	獨	どくしん、どくじ、どくりつ、どくがく、どくとく	独身、独自、独立、独学、独特	
任	ニン	まか(す)、まか(せる)	6	亻,にんべん		にんむ、せきにん、じにん、にんい	任務、責任、辞任、任意	
燃	ネン	も(える)、も(す)、も(やす)	16	火,ひへん		ねんりょう、もえるゴミ	燃料、燃えるゴミ	
能	ノウ		10	月,にくづき		のうりょく、かのう、きのう、のうりつ	能力、可能、機能、能率	
破	ハ	やぶ(る)、やぶ(れる)	10	石,いしへん		はかい、はへん、はきょく、はき	破壊、破片、破局、破棄	
犯	ハン	おか(す)	5	犭,けものへん		はんこう、はんざい、はんにん、ぼうはん	犯行、犯罪、犯人、防犯	
判	ハン、バン		7	刂,りっとう		はんこ、はんだん、さいばん、ひはん	判子、判断、裁判、批判	
版	ハン		8	片,かたへん		しゅっぱん、げんぱん、しょはん、はんが	出版、原版、初版、版画	
比	ヒ	くら(べる)	4	比,くらべる		ひかく、ひりつ、ひゆ、たいひ	比較、比率、比喩、対比	
肥	ヒ	こえ、こ(える)、こ(やす)、こ(やし)	8	月,にくづき		ひまん、ひりょう	肥満、肥料	
非	ヒ		8	非,あらず,ひ		ひじょうに、ひなん、ぜひ、ひごうほう	非常に、非難、是非、非合法	
備	ビ	そな(える)、そな(わる)	12	亻,にんべん		そうび、せつび、じゅんび、せいび	装備、設備、準備、整備	
俵	ヒョウ	たわら	10	亻,にんべん		どひょう、たわらもの、ひょうすう、すみだわら	土俵、俵もの、俵数、炭俵	
評	ヒョウ		12	訁,ごんべん		ひょうか、ひょうばん、ひょうろん、ひひょう	評価、評判、評論、批評	
貧	ビン、ヒン	まず(しい)	11	貝,こがい		びんぼう、ひんけつ、ひんじゃく	貧乏、貧血、貧弱	
布	フ	ぬの	5	巾,はば		ふきん、ふとん、もうふ	付近、布団、毛布	
婦	フ		11	おんな,おんなへん		ふうふ、かせいふ、しゅふ、ふじん	夫婦、家政婦、主婦、婦人	
富	フ、フウ	とみ、と(む)	12	宀,うかんむり		ふじさん、ふしゃ、ほうふ	富士山、富者、豊富	
武	ブ、ム		8	止,とめる		ぶし、ぶしどう、ぶき、むしゃ、ぶどう	武士、武士道、武器、武者、武道	
復	フク		12	彳,ぎょうにんべん		おうふく、かいふく、ふっかつ、ふっき、ふくしゅう、ふっこう	往復、回復、復活、復帰、復習、復興	
複	フク		14	衤,ころもへん		ふくすう、ふくざつ、ふくせい	複数、複雑、複製	
仏	ブツ	ほとけ	4	亻,にんべん	佛	ふつ(フランス)、ぶっきょう、ぶつぞう	仏、仏教、仏像	
編	ヘン	あ(む)	15	糹,いとへん		へんしゅう、へんせい、あみもの、へんしゃ	編集、編成、編み物、編者	
弁	ベン		5	廾,にじゅうあし,こまぬき	瓣、辯、辨	べんごし、べんかい、べんとう	弁護士、弁解、弁当	
保	ホ	たも(つ)	9	亻,にんべん		ほけん、ほご、あんぽ、かくほ、ほかん	保険、保護、安保、確保、保管	
墓	ボ	はか	13	土,つち		ぼち、はかまいり、ぼせき、ぼひ、はかば	墓地、墓参り、墓石、墓碑、墓場	
報	ホウ	むく(いる)、むく(われる)	12	土,つち		じょうほう、ほうこく、ほうどう、ほうしゅう	情報、報告、報道、報酬	
豊	ホウ	ゆた(か)	13	豆,まめ	豐	ほうふ、けいけんほうふ、しゅるいほうふ	豊富、経験豊富、種類豊富	
防	ボウ	ふせ(ぐ)	7	阜阝,こざとへん		ぼうぎょ、ぼうえい、ぼうし、ぼうおん、ぼうか	防御、防衛、防止、防音、防火	
貿	ボウ		12	貝,こがい		ぼうえき	貿易	
暴	ボウ、バク	あば(れる)、あば(く)	15	日,ひ		ぼうりょく、ばくろ、ぼうとう、ぼうこう	暴力、暴露、暴投、暴行	
務	ム	つと(まる)、つと(める)	11	力,ちから		じむしょ、がいむしょう、ぎむ	事務所、外務省、義務	
夢	ム	ゆめ	13	夕,ゆうべ	梦(中)	むそう、むちゅう、あくむ	夢想、夢中、悪夢	
迷	メイ	まよ(う)	9	辵辶⻌,しんにょう		まいご、めいしん、めいろ、めいわく、めいきゅう	迷子、迷信、迷路、迷惑、迷宮	
綿	メン	わた	14	糹,いとへん		もめん、わたあめ	木綿、綿飴	
輸	ユ		16	車,くるまへん		ゆにゅう、ゆしゅつ、ゆそう、ゆけつ	輸入、輸出、輸送、輸血	
余	ヨ	あま(る)。あま(す)	7	亻,にんべん	餘	よけい、よほど、よゆう	余計、余程、余裕	
預	ヨ	あず(かる)、あず(ける)	13	頁,おおがい		よきん	預金	
容	ヨウ		10	宀,うかんむり		ないよう、ようぎしゃ、ようい、ようき、ようしゃなく	内容、容疑者、容易、容器、容赦なく	
略	リャク		11	田,たへん		りゃくご、しょうりゃく、ぜんりゃく、しんりゃく	略語、省略、前略、侵略	
留	リュウ、ル	と(まる)、と(める)	10	田,た		りゅうがく、るすばん、りゅうねん、ざいりゅう	留学、留守番、留年、在留	
領	リョウ		14	頁,おおがい		りょうしゅうしょ、りょうど、だいとうりょう	領収書、領土、大統領	
異	イ	こと	11	田,た		ことなる、いせい、いじょう、いたん	異なる、異性、異常、異端	
遺	イ、ユイ		15	辵辶⻌,しんにょう		ゆいごん、いさん、いせき、いぞく、いたい、いでん	遺言、遺産、遺跡、遺族、遺体、遺伝	
域	イキ		11	土,つちへん		ちいき、りょういき	地域、領域	
宇	ウ		6	宀,うかんむり		うちゅう、うちゅうせん、うちゅうじん	宇宙、宇宙船、宇宙人	
映	エイ	うつ(す)、うつ(る)、は(える)	9	日,ひへん		えいが、えいぞう、ほうえい	映画、映像、放映	
延	エン	の(ばす)、の(びる)、の(べる)	8	廴,えんにょう		えんちょう、えんき	延長、延期	
沿	エン	そ(う)	8	氵,さんずい		かわぞい、えんがん、えんせん、えんかい、えんどう	川沿い、沿岸、沿線、沿海、沿道	
我	ガ	われ、わ	7	戈,ほこ		われわれ、わがや、がまん、けが、じが	我々、我が家、我慢、怪我、自我	
灰	カイ	はい	6	火,ひ		はいざら、はいいろ、せっかい、かざんばい	灰皿、灰色、石灰、火山灰	
拡	カク		8	扌,てへん	擴	かくちょう、かくだい、かくせいき、かくさん	拡張、拡大、拡声器、拡散	
革	カク	かわ	9	革,かわ		かわぐつ、かいかく、かくめい、かくしん、ひかく	革靴、改革、革命、革新、皮革	
閣	カク		14	門,もんがまえ		(せいじかんけい)、かくぎ、かくりょう、ないかく、かくない	閣議、閣僚、内閣、閣内	
割	カツ	わり、わ(る)、わ(れる)、さ(く)	12	刂,りっとう		わりざん、やくわり、わりあい、わりびき	割り算、役割、割合、割引	
株		かぶ	10	木,きへん		かぶしきがいしゃ	株式会社	
干	カン	ほ(す)、ひ(る)	3	干,ほす		かんしょう、じゃっかん、うめぼし、ひがた、えと(じゅうにし)	干渉、若干、梅干し、干潟、干支	
巻	カン	まき、ま(く)	9	己,おのれ	卷	まきこむ、はらまき、まきもの、うずまき	巻き込む、腹巻、巻物、渦巻き	
看	カン	み(る)	9	目,め		かんごし、(かんじゃを)みる、かんばん	看護師、看る、看板	
簡	カン		18	𥫗,たけかんむり		かんたん、かんい、かんけつ、かんそ、かんりゃく	簡単、簡易、簡潔、簡素、簡略	
危	キ	あぶ(ない)、あや(うい)、あや(ぶむ)	6	卩㔾,わりふ,ふひづくり		きけん、きき、きとく、きぐ	危険、危機、危篤、危惧	
机	キ	つくえ	6	木,きへん		きじょう、きじょうけんさ、きじょうチェック	机上、机上検査、机上チェック	
揮	キ		12	扌,てへん		しきしゃ、はっき、きはつ	指揮者、発揮、揮発	
貴	キ	たっと(い)、とうと(い)	9	貝,かい,こがい	贵(中)	きちょう、きぞく、あなた	貴重、貴族、貴方	gui4
疑	ギ	うたが(う)	14	𤴔,ひきへん		ぎもん、ようぎしゃ、ぎわく	疑問、容疑者、疑惑	
吸	キュウ	す(う)	6	口,くちへん		きゅうしゅう、こきゅう、きゅうけつき	吸収、呼吸、吸血鬼	
供	キョウ	そな(える)、とも	8	亻,にんべん		ていきょう、きょうきゅう、きょうよ	提供、供給、供与	
胸	キョウ	むね、むな	10	月,にくづき		どきょう、むなもと	度胸、胸元	
郷	キョウ、ゴウ		11	阝,おおざと	鄕	こきょう、きょうしゅう、ふるさと	故郷、郷愁	
勤	キン、ゴン	つと(まる)、つと(める)	12	力,ちから	勤	きんべん、きんむ、しゅっきん、つうきん、てんきん	勤勉、勤務、出勤、通勤、転勤	
筋	キン	すじ	12	𥫗,たけかんむり		きんにく、あらすじ、すじみち	筋肉、粗筋、筋道	
系	ケイ		7	糹,いとへん		けいとう、けいれつ、かけい、ぶんけい、りけい	系統、系列、家系、文系、理系	
敬	ケイ	うやま(う)	12	攴攵,のぶん		けいい、そんけい、けいぐ、けいご	敬意、尊敬、敬具、敬語	
警	ケイ		19	訁,ごんべん		けいさつ、けいしちょう、けいかい、けいかん	警察、警視庁、警戒、警官	
劇	ゲキ		15	刂,りっとう		げきじょう、えんげき、ひげき	劇場、演劇、悲劇	
激	ゲキ	はげ(しい)	16	氵,さんずい		かんげき、きゅうげき、しげき、げきど	感激、急激、刺激、激怒	
穴	ケツ	あな	5	穴,あなかんむり		おとしあな、ぼけつ	落とし穴、墓穴	
絹	ケン	きぬ	13	糹,いとへん		きぬいと、けんぷ	絹糸、絹布	
権	ケン、ゴン		15	木,きへん	權	せいけん、けんり、けんりょく、じんけん、けんげん	政権、権利、権力、人権、権限	
憲	ケン		16	心,こころ		けんぽう、けんしょう、けんぽうきねんび	憲法、憲章、憲法記念日	
源	ゲン	みなもと	13	氵,さんずい		ごげん、しげん、でんげん、げんじ	語源、資源、電源、源氏	
厳	ゲン、ゴン	きび(しい)、おごそ(か)	17	⺍,つかんむり	嚴	げんみつ、げんかく、げんしゅ	厳密、厳格、厳守	
己	コ、キ	おのれ	3	己,おのれ		じこ、じこしょうかい	自己、自己紹介	
呼	コ	よ(ぶ)	8	口,くちへん		こきゅう、よびすて、こしょう	呼吸、呼び捨て、呼称	
誤	ゴ	あやま(る)	14	訁,ごんべん	误(中)	ごかい、ごじ、ごさ	誤解、誤字、誤差	wu4
后	コウ、ゴウ	きさき	6	口,くちへん		こうごう、こうひ	皇后、后妃	
孝	コウ		7	子,こ		おやこうこう、おやふこう	親孝行、親不孝	
皇	オウ、コウ		9	白,しろ		てんのう、こうごう、こうぞく	天皇、皇后、皇族	
紅	コウ、ク	くれない、べに	9	糹,いとへん		くちべに、こうはく、こうよう	口紅、紅白、紅葉	
降	コウ	お(りる)、お(ろす)、ふ(る)	10	阜阝,こざとへん		こうさん、こうすい、こうふく、いこう	降参、降水、降伏、以降	
鋼	コウ	はがね	16	釒,かねへん		こうてつ、こうはん、てっこう	鋼鉄、鋼板、鉄鋼	
刻	コク	きざ(む)	8	刂,りっとう		じこく、しんこく、こくいっこく	時刻、深刻、刻一刻	
穀	コク		14	禾,のぎへん	穀	こくもつ、こくるい、べいこく	穀物、穀類、米穀	
骨	コツ	ほね	10	骨,ほねへん		こっせつ、がいこつ	骨折、骸骨	
困	コン	こま(る)	7	囗,くにがまえ		こんなん、こんわく、ひんこん	困難、困惑、貧困	
砂	サ、シャ	すな	9	石,いしへん		さとう、すなはま、さばく	佐藤、砂浜、砂漠	
座	ザ	すわ(る)	10	广,まだれ		ざせき、せいざx2	座席、星座、正座	
済	サイ、ザイ	す(ませる)、す(む)	11	氵,さんずい	濟、济(中)	けいざい、きゅうさい、へんさい	経済、救済、返済	
裁	サイ	さば(く)、た(つ)	12	衣,ころも		さいばん、さいほう、さいけつ	裁判、裁縫、裁決	
策	サク		12	𥫗,たけかんむり		たいさく、せいさく	対策、政策	
冊	サツ、サク		5	冂,けいがまえ,まきがまえ,どうがまえ,えんがまえ		ほんさつ、さっし、本いっさつ・2さつ	本冊、冊子、本一冊・2冊	
蚕	サン	かいこ	10	虫,むし	蠶	さんし、ようさん	蚕糸、養蚕	
至	シ	いた(る)	6	至,いたる		しきゅう、ひっし	至急、必至	
私	シ	し(ぬ)	6	歹,かばねへん		しきょ、しけい、ししゃ	死去、死刑、死者	
姿	シ	すがた	9	女,おんな		しせい、ようし、うしろすがた	姿勢、容姿、後ろ姿	
視	シ		11	見,みる		しせん、むし、しちょうりつ	視線、無視、視聴率	
詞	シ		12	訁,ごんべん		めいし、どうし、じょし、けいようし	名詞、動詞、助詞、形容詞	
誌	シ		14	訁,ごんべん		ざっし、にっし	雑誌、日誌	
磁	ジ		14	石,いしへん		じしゃく	磁石	
射	シャ	い(る)、さ(す)	10	寸,すん		ちゅうしゃ、はんしゃ、しゃげき、しゃさつ	注射、反射、射撃、射殺	
捨	シャ	す(てる)	11	扌,てへん		ししゃごにゅう、よびすて、みすてる	四捨五入、呼び捨て、見捨てる	
尺	シャク		4	尸,しかばね		しゃくはち	尺八	
若	ジャク、ニャク	わか(い)、も(しくは)	8	艹,くさかんむり		わかもの、じゃっかん、ろうにゃく	若者、老若、老若	
樹	ジュ		16	木,きへん	树(中)	じゅりん、じゅもく	樹林、樹木	
収	ショウ	おさ(める)、おさ(まる)	4	又,また		しゅうにゅう、しゅうしゅう、かいしゅう	収入、収集、回収	
宗	シュウ、ソウ		8	宀,うかんむり		しゅうきょう、しゅうは、そうけ	宗教、宗派、宗家	
就	シュウ、ジュ	つ(く)、つ(ける)	12	尢,だいのまげあし		しゅうしょく、しゅうにん	就職、就任	
衆	シュウ、シュ		12	血,ち		こうしゅう、ちょうしゅう、みんしゅう	公衆、聴衆、民衆	
従	ジュウ、ジュ、ショウ	したが(う)、したが(える)	10	彳,ぎょうにんべん		じゅうらい、じゅうじ、じゅうぞく、いとこ	従来、従事、従属、従弟	
縦	ジュウ	たて	16	糹,いとへん		たてがき、そうじゅう、じゅうだん	縦書き、操縦、縦断	
縮	シュク	ちぢ(む)、ちぢ(める)	17	糹,いとへん		しゅくしょう、あっしゅく、きょうしゅく	縮小、圧縮、恐縮	
熟	ジュク	う(れる)、こな(す)	15	灬,れんが,れっか		じゅくご、そうじゅく、みじゅく	熟語、早熟、未熟	
純	ジュン		10	糹,いとへん		じゅんすい、じゅんじょう、たんじゅん	純粋、純情、単純	
処	ショ		5	几 - つくえ		しょぶん、しょり、しょけい、しょじょ、しょち	処分、処理、処刑、処女、処置	
署	ショ		13	罒,あみがしら		～しょ、けいさつしょ、しょめい、しょちょう	～署、警察署、署名、署長	
諸	ショ		15	訁,ごんべん		しょくん、しょこく、しょとう	諸君、諸国、諸島	
除	ジョ、ジ	のぞ(く)	10	阜阝,こざとへん		じょがい、かいじょ、さくじょ、はいじょ	除外、解除、削除、排除	
将	ショウ		10	寸,すん		しょうらい、しょうぐん、しょうぎ	将来、将軍、将棋	
傷	ショウ	きず、いた(む)、いた(める)	13	亻,にんべん		しょうがい、ちゅうしょう、けいしょう	傷害、中傷、軽傷	
障	ショウ	さわ(る)	14	阜阝,こざとへん		しょうがい、こしょう、〜ざわり	障害、故障、〜障り	
城	ジョウ	しろ	9	土,つち		(お)しろ、じょうかまち、じょうない、じょうしゅ	お城、城下町、城内、城主	
蒸	ジョウ	む(す)、む(らす)、む(れる)	13	艹,くさかんむり		じょうはつ、むしあつい、すいじょうき	蒸発、蒸し暑い、水蒸気	
針	シン	はり	10	釒,かねへん		ほうしん、はりがね、けんしん	方針、針金、検針	
仁	ジン、二		4	亻,にんべん		じんぎ、におう、じんあい	仁義、仁王、仁愛	
垂	スイ	た(らす)、た(れる)	8	土,つち		すいちょく、あまだれ、けんすい	垂直、雨垂れ、懸垂	
推	スイ	お(す)	11	扌,てへん		すいしん、すいせん、すいそく、すいてい、すいり	推進、推薦、推測、推定、推理	
寸	スン		3	寸,すん		すんぽう、すんぜん、いっすん	寸法、寸前、一寸	
盛	セイ、ジョウ	も(る)、さか(る)、さか(ん)	11	皿,さら		せいだい、もりあがる、はんじょう、おおもり	盛大、盛り上がる、繁盛、大盛り	
聖	セイ		13	耳,みみ		せいしょ、しんせい、せいいき、せいせん	聖書、神聖、聖域、聖戦	
誠	セイ	まこと	13	訁,ごんべん		まことに、せいい、せいじつ、ちゅうせい	誠に、誠意、誠実、忠誠	
宣	セン		9	宀,うかんむり		せんげん、せんこく、せんでん、せんせんふこく	宣言、宣告、宣伝、宣戦布告	
専	セン	もっぱ(ら)	9	寸,すん		せんもん、せんこう、せんねん、せんよう	専門、専攻、専念、専用	
泉	セン	いずみ	9	水,みず		おんせん、げんせん	温泉、源泉	
洗	セン	あら(う)	9	氵,さんずい		せんざい、せんたく、せんめんじょ	洗剤、洗濯、洗面所	
染	セン	そ(まる)、そ(める)、し(みる)	9	木,きへん		せんしょく、おせん、かんせん、でんせん	染色、汚染、感染、伝染	
善	ゼン	よ(い)	12	口,くち		かいぜん、ぜんあく、ぜんい	改善、善悪、善意	
奏	ソウ	かな(でる)	9	大,だい		えんそう、そうしゃ、がっそう、ばんそう	演奏、奏者、合奏、伴奏	
窓	ソウ	まど	11	穴,あなかんむり		まどぐち、まどぎわ、どうそうかい	窓口、窓際、同窓会	
創	ソウ	つく(る)	12	刂,りっとう		そうさく、そうぞう、そうりつ	創作、創造、創立	
装	ソウ、ショウ	よそお(う)	12	衣,ころも		いしょう、そうち、そうしょく、ふくそう	衣装、装置、装飾、服装	
層	ソウ		14	尸,しかばね		こうそうビル、いっそう、かいそう	高層ビル、一層、階層	
操	ソウ	あやつ(る)、みさお	16	扌,てへん		そうさ、そうじゅう、たいそう	操作、操縦、体操	
蔵	ゾウ	くら	15	艹,くさかんむり		れいぞうこ、おおくらしょう	冷蔵庫、大蔵省	
臓	ゾウ		19	月,にくづき		ぞうき、しんぞう、かんぞう、ないぞう	臓器、心臓、肝臓、内臓	
存	ソン、ゾン		6	子,こ		そんざい、ごそんじ、ほぞん、せいぞん	存在、ご存じ、保存、生存	
尊	ソン	たっと(い)、たっと(ぶ)、とうと(い)、とうと(ぶ)	12	寸,すん		そんけい、じそん	尊敬、自尊	
宅	タク		6	宀,うかんむり		じたく、じゅうたく、きたく	自宅、住宅、帰宅	
担	タン	にな(う)、かつ(ぐ)	8	扌,てへん		たんとう、ふたん、たんにん	担当、負担、担任	
探	タン	さが(す)、さぐ(る)	11	扌,てへん		たんさく、たんけん、たんてい	探索、探検、探偵	
誕	タン		15	訁,ごんべん		たんじょうび、せいたん	誕生日、生誕	
段	ダン		9	殳,るまた		だんかい、だんだん、だんらく、かいだん	段階、段々、段落、階段	
暖	ダン	あたた(かい)、あたた(める)、あたた(まる)	13	日,ひへん		だんぼう、おんだん、だんとう	暖房、温暖、暖冬	
値	チ	ね、あたい	10	亻,にんべん		ねだん、かち	値段、価値	
宙	チュウ		8	宀,うかんむり		うちゅう	宇宙	
忠	チュウ		8	心,こころ		ちゅうじつ、ちゅうこく	忠実、忠告	
著	チョ	いちじる(しい)、あらわ(す)	11	艹,くさかんむり		ちょしゃ、ちょさくけん	著者、著作権	
庁	チョウ		5	广,まだれ		けいしちょう	警視庁	
頂	チョウ	いただき、いただ(く)	11	頁,おおがい		ちょうてん、ちょうじょう、ちょうだい	頂点、頂上、頂戴	
潮	チョウ	しお	15	氵,さんずい		ちょうりゅう、しおどき	潮流、潮時	
賃	チン		13	貝,かい,こがい		ちんぎん、やちん、ちんたい	賃金、家賃、賃貸	
痛	ツウ	いた(い)、いた(む)、いた(める)	12	疒,やまいだれ		ずつう、ふくつう、きんにくつう、ようつう	頭痛、腹痛、筋肉痛、腰痛	
展	テン		10	尸,しかばね		てんらんかい、てんかい、はってん、てんじ	展覧会、展開、発展、展示	
討	トウ	う(つ)	10	訁,ごんべん		けんとう、とうぎ、とうろん、とうばつ	検討、討議、討論、討伐	
党	トウ		10	儿,ひとあし		しんとう、せいとう、やとう、よとう	新党、政党、野党、与党	
糖	トウ		16	米,こめ		さとう、とうぶん、とうにょうびょう	砂糖、糖分、糖尿病	
届		とど(く)、とど(ける)	8	尸,しかばね		とどけ、とどけさき	届け、届け先	
難	ナン	むずか(しい)、かた(い)	18	隹,ふるとり		なんみん、なんいど、なんもん	難民、難易度、難問	
乳	ニュウ	ちち、ち	8	乚,おつにょう		にゅうじ、ぎゅうにゅう、ちくび、にゅうせいひん	乳児、牛乳、乳首、乳製品	
認	ニン	みと(める)	14	訁,ごんべん		にんしき、しょうにん、かくにん	認識、承認、確認	
納	ノウ、トウ、ナッ、ナ、ナン	おさ(まる)、おさ(める)	10	糹,いとへん		のうぜい、なっとう、なっとく	納税、納豆、納得	
脳	ノウ		11	月,にくづき		のう、ずのう、しゅのう、のうは	脳、頭脳、首脳、脳波	
派	ハ		9	氵,さんずい		はけん、はばつ、はけん、はで	派遣、派閥、派遣、派手	
拝	ハイ	おが(む)	8	扌,てへん		はいけい、はいけん、すうはい	拝啓、拝見、崇拝	
背	ハイ	せ、せい、そむ(く)、そむ(ける)	9	月,にくづき		せなか、はいけい、せびろ、せぼね	背中、背景、背広、背骨	
肺	ハイ		9	月,にくづき		はい、はいえん、はいぞう	肺、肺炎、肺臓	
俳	ハイ		10	亻,にんべん		はいく、はいゆう、はいじん	俳句、俳優、俳人	
班	ハン		10	王,おう		はん[チーム]、はんちょう、はんいん	班、班長、班員	
晩	バン		12	日,ひへん		こんばん、さくばん、まいばん	今晩、昨晩、毎晩	
否	ヒ	いな	7	口,くち		ひてい、きょひ、ひけつ	否定、拒否、否決	
批	ヒ		7	扌,てへん		ひはん、ひひょう、じこひはん	批判、批評、自己批判	
秘	ヒ	ひ(める)	10	禾,のぎへん		ひみつ、ひしょ、ひけつ、ごくひ	秘密、秘書、秘訣、極秘	
腹	フク	はら、(お)なか	13	月,にくづき		くうふく、ふくつう、ふくぶ	空腹、腹痛、腹部	
奮	フン	ふる(う)	16	大,だい		こうふん、ふんぱつ、ふんとう	興奮、奮発、奮闘	
並	ヘイ	なら(ぶ)、なみ、なら(べる)	8	一,いち		へいれつ、へいこう、ひとなみ	並列、平行、人並み	
陛	カイ		12	阜阝,こざとへん		だんかい、かいだん、かいそう	段階、階段、階層	
閉	ヘイ	し(める)、し(まる)、と(じる)、とざす	11	門,もんがまえ		へいさ、へいてん、へいかん	閉鎖、閉店、閉館	
片	ヘン	かた	4	片,かたへん		かたて、かたみち、かたかな、かたおもい	片手、片道、片仮名、片思い	
補	ホ	おぎな(う)	12	衤,ころもへん		こうほ、ほきゅう、ほじゅう、ほそく	候補、補給、補充、補足	
暮	ボ	く(れる)、く(らす)	14	日,ひ,にち		ひぐれ、ゆうぐれ、おせいぼ	日暮れ、夕暮れ、お歳暮	
宝	ホウ	たから	8	宀,うかんむり		ほうせき、たからもの、たからくじ	宝石、宝物、宝籤	
訪	ホウ	たず(ねる)、おとず(れる)	11	訁,ごんべん		ほうもん、らいほう	訪問、来訪	
亡	ボウ、モウ	な(くなる)	3	亠,なべぶた		しぼう、めつぼう、なきがら	死亡、滅亡、亡骸	
忘	ボウ	わす(れる)	7	心,こころ		ぼうねんかい、わすれもの	忘年会、忘れ物	
棒	ボウ		12	木,きへん		てつぼう、どろぼう、ようじんぼう、けいぼう	鉄棒、泥棒、用心棒、警棒	
枚	マイ		8	木,きへん		～まい、いちまい、にまい、まいすう	～枚、一枚、二枚、枚数	
幕	バク、マク		13	巾,はば		かいまく、ばくふ、ばくまつ	開幕、幕府、幕末	
密	ミツ	ひそ(かに)	11	宀,うかんむり		ひみつ、みっしゅう、みつど、げんみつ	秘密、密集、密度、厳密	
盟	メイ		13	皿,さら		かめい、どうめい、れんめい	かめい、どうめい、れんめい	
模	ボ、モ		14	木,きへん		きぼ、もけい、もはん、もよう	規模、模型、模範、模様	
訳	ヤク	わけ、やく(す)	11	訁,ごんべん		つうやく、ほんやく、もうしわけ、ちょくやく	通訳、翻訳、申し訳、直訳	
郵	ユウ		11	阝,おおざと		ゆうそう、ゆうびん、ゆうちょ	郵送、郵便、郵貯	
優	ユウ	すぐ(れる)、やさ(しい)	17	亻,にんべん		ゆうしょう、ゆうしゅう、ゆうせん、ゆうとうせい	優勝、優秀、優先、優等生	
幼	ヨウ	おさな(い)	5	ㄠ,よう		ようじ、ようちえん、おさななじみ	幼児、幼稚園、幼馴染	
欲	ヨク	ほ(しい)、ほ(っする)	11	欠,あくび,かける		いよく、よくぼう、よっきゅう、しょくよく	意欲、欲望、欲求、食欲	
翌	ヨク		11	羽,はね		よくじつ、よくねん、よくあさ	翌日、翌年、翌朝	
乱	ラン	みだ(す)、みだ(れる)	7	乚,おつにょう		こんらん、らんぼう、はんらん	混乱、乱暴、反乱	
卵	ラン	たまご	7	卩㔾,わりふ,ふひづくり		らんし、らんおう、らんぱく	卵子、卵黄、卵白	
覧	ラン		17	見,みる		えつらん、てんらんかい、いちらん、ごらん	閲覧、展覧会、一覧、御覧	
裏	リ	うら	13	衣,ころも		うらおもて、うらぎる、うらがえし	裏表、裏切る、裏返し	
律	リツ、リチ		9	彳,ぎょうにんべん		ほうりつ、きりつ、せんりつ、じりつ	法律、規律、旋律、自律	
臨	リン	のぞ(む)	18	臣,しん		りんじ、りんかい、りんこく	臨時、臨海、隣国	
朗	ロウ	ほが(らか)	10	月,つき		ろうどく、めいろう	朗読、明朗	
論	ロン		15	訁,ごんべん		ろんぶん、ぎろん、けつろん、ろんり	論文、議論、結論、論理	